Rk,Player,Nation,Pos,Squad,Comp,Age,Born,MP,Starts,Min,90s,Goals,Shots,SoT,SoT%,G/Sh,G/SoT,ShoDist,ShoFK,ShoPK,PKatt,PasTotCmp,PasTotAtt,PasTotCmp%,PasTotDist,PasTotPrgDist,PasShoCmp,PasShoAtt,PasShoCmp%,PasMedCmp,PasMedAtt,PasMedCmp%,PasLonCmp,PasLonAtt,PasLonCmp%,Assists,PasAss,Pas3rd,PPA,CrsPA,PasProg,PasAtt,PasLive,PasDead,PasFK,TB,PasPress,Sw,PasCrs,CK,CkIn,CkOut,CkStr,PasGround,PasLow,PasHigh,PaswLeft,PaswRight,PaswHead,TI,PaswOther,PasCmp,PasOff,PasOut,PasInt,PasBlocks,SCA,ScaPassLive,ScaPassDead,ScaDrib,ScaSh,ScaFld,ScaDef,GCA,GcaPassLive,GcaPassDead,GcaDrib,GcaSh,GcaFld,GcaDef,Tkl,TklWon,TklDef3rd,TklMid3rd,TklAtt3rd,TklDri,TklDriAtt,TklDri%,TklDriPast,Press,PresSucc,Press%,PresDef3rd,PresMid3rd,PresAtt3rd,Blocks,BlkSh,BlkShSv,BlkPass,Int,Tkl+Int,Clr,Err,Touches,TouDefPen,TouDef3rd,TouMid3rd,TouAtt3rd,TouAttPen,TouLive,DriSucc,DriAtt,DriSucc%,DriPast,DriMegs,Carries,CarTotDist,CarPrgDist,CarProg,Car3rd,CPA,CarMis,CarDis,RecTarg,Rec,Rec%,RecProg,CrdY,CrdR,2CrdY,Fls,Fld,Off,Crs,TklW,PKwon,PKcon,OG,Recov,AerWon,AerLost,AerWon%,date,Valuation,ToAtt,ToSuc,ToSuc%,ToTkl,ToTkl%
178,Ridle Baku,GER,DFFW,Wolfsburg,Bundesliga,24.0,1998,34,28,2446,27.2,0.11,1.36,0.29,21.6,0.08,0.38,20.0,0.0,0.0,0.0,37.5,48.8,76.7,712.7,251.6,15.4,18.3,84.3,16.7,20.8,80.2,5.0,8.24,60.7,0.18,1.43,2.46,1.29,0.48,4.41,48.8,40.8,8.05,0.74,0.07,6.29,1.4,2.5,0.18,0.04,0.0,0.0,28.6,10.2,10.0,6.58,32.6,1.62,7.13,0.11,37.5,0.15,0.77,1.88,1.69,2.68,2.1,0.11,0.22,0.11,0.15,0.0,0.26,0.18,0.0,0.0,0.04,0.04,0.0,2.32,1.25,1.1,0.88,0.33,0.81,2.24,36.1,1.43,18.8,5.59,29.8,6.18,7.61,4.96,2.46,0.04,0.0,2.43,1.47,3.79,1.84,0.04,62.7,2.13,17.7,28.6,20.0,2.5,55.0,1.25,2.5,50.0,1.32,0.18,38.9,186.0,108.6,5.88,1.18,0.59,1.29,1.43,44.6,37.3,83.6,4.15,0.15,0.0,0.0,1.25,1.4,0.37,2.5,1.25,0.0,0.0,0.0,8.16,1.1,1.4,44.1,2022-03-24,20000000.0,,,,,
181,Alejandro Balde,ESP,DFFW,Barcelona,La Liga,18.0,2003,5,2,188,2.1,0.0,0.48,0.0,0.0,0.0,0.0,21.6,0.0,0.0,0.0,66.7,72.4,92.1,1026.7,207.1,34.8,34.8,100.0,27.6,30.5,90.6,2.38,4.29,55.6,0.0,0.48,1.43,1.9,0.48,4.76,72.4,69.5,2.86,0.95,0.0,4.76,0.0,1.43,0.0,0.0,0.0,0.0,65.2,3.81,3.33,64.8,4.76,0.48,1.9,0.0,66.7,0.0,0.0,0.48,0.95,1.43,0.95,0.0,0.0,0.0,0.48,0.0,0.0,0.0,0.0,0.0,0.0,0.0,0.0,1.9,0.95,0.95,0.48,0.48,0.0,0.0,0.0,0.0,18.1,4.29,23.7,8.1,5.71,4.29,2.38,0.95,0.0,1.43,0.95,2.86,0.0,0.0,86.7,0.95,13.3,51.0,29.0,2.38,83.8,0.95,2.86,33.3,1.43,0.0,72.4,325.7,158.1,8.57,3.81,0.95,2.86,1.43,77.1,70.5,91.4,3.81,0.0,0.0,0.0,2.38,1.9,0.0,1.43,0.95,0.0,0.0,0.0,7.14,0.48,0.95,33.3,2021-12-30,5000000.0,,,,,
588,Tanguy Coulibaly,FRA,DFFW,Stuttgart,Bundesliga,21.0,2001,21,11,1079,12.0,0.0,1.08,0.25,23.1,0.0,0.0,16.3,0.0,0.0,0.0,21.6,28.3,76.2,319.3,70.1,12.6,14.8,84.8,7.67,10.3,74.8,0.92,1.67,55.0,0.08,0.58,0.83,0.42,0.08,1.25,28.3,24.5,3.83,0.08,0.0,7.17,0.33,1.08,0.0,0.0,0.0,0.0,20.0,5.67,2.67,20.3,3.33,0.83,3.17,0.17,21.6,0.08,0.42,1.42,1.67,1.75,1.08,0.0,0.25,0.0,0.25,0.17,0.08,0.08,0.0,0.0,0.0,0.0,0.0,2.17,1.08,1.33,0.83,0.0,0.83,1.5,55.6,0.67,21.3,4.75,22.4,6.42,8.67,6.17,1.67,0.25,0.0,1.42,0.58,2.75,0.67,0.0,42.2,0.83,8.58,18.3,18.1,2.58,38.3,1.58,3.58,44.2,1.92,0.25,30.4,139.6,76.2,3.75,1.08,0.67,3.33,1.58,39.7,26.8,67.6,5.58,0.67,0.0,0.0,2.08,1.42,0.5,1.08,1.08,0.0,0.0,0.0,5.75,0.92,1.42,39.3,2021-12-22,4500000.0,,,,,
858,Mohamed Fares,ALG,DFFW,Genoa,Serie A,26.0,1996,9,6,587,6.5,0.31,2.0,0.46,23.1,0.15,0.67,12.9,0.0,0.0,0.0,27.4,39.7,69.0,511.7,208.0,14.5,17.4,83.2,8.0,12.0,66.7,4.77,8.31,57.4,0.15,0.77,1.54,1.69,0.92,3.85,39.7,32.2,7.54,0.77,0.0,7.23,2.15,2.92,0.0,0.0,0.0,0.0,19.8,10.0,9.85,26.9,3.54,1.38,6.77,0.15,27.4,0.77,0.46,1.54,2.31,2.62,1.85,0.31,0.0,0.46,0.0,0.0,0.46,0.46,0.0,0.0,0.0,0.0,0.0,1.54,0.62,0.46,1.08,0.0,0.46,1.08,42.9,0.62,12.8,3.85,30.1,4.62,5.54,2.62,1.69,0.46,0.0,1.23,2.46,4.0,0.77,0.0,52.9,1.69,14.8,22.6,18.8,2.31,45.4,1.08,2.46,43.8,1.23,0.15,30.2,143.4,78.8,3.85,1.23,0.0,1.23,1.38,36.2,30.0,83.0,2.15,0.31,0.0,0.0,1.85,1.23,0.0,2.92,0.62,0.0,0.0,0.0,7.54,1.85,2.46,42.9,2022-03-15,4500000.0,,,,,
878,Edimilson Fernandes,SUI,DFFW,Arminia,Bundesliga,26.0,1996,7,2,283,3.1,0.0,1.29,0.65,50.0,0.0,0.0,43.7,0.0,0.0,0.0,30.0,40.0,75.0,548.4,210.6,15.2,16.5,92.2,10.3,13.5,76.2,3.87,7.1,54.5,0.0,1.94,1.94,2.26,0.97,4.52,40.0,38.1,1.94,0.32,0.0,10.3,1.61,2.58,0.97,0.0,0.32,0.0,25.8,5.48,8.71,4.19,32.6,1.29,0.65,0.32,30.0,0.0,0.65,0.0,1.94,3.23,2.9,0.0,0.32,0.0,0.0,0.0,0.0,0.0,0.0,0.0,0.0,0.0,0.0,0.97,0.97,0.0,0.65,0.32,0.32,1.29,25.0,0.97,15.8,5.48,34.7,4.52,8.06,3.23,1.29,0.65,0.32,0.65,0.65,1.61,1.94,0.0,49.7,3.87,7.74,21.9,22.9,2.58,48.1,0.97,1.61,60.0,0.97,0.32,35.8,160.3,73.9,3.23,1.29,0.32,0.65,2.9,38.7,32.3,83.3,2.9,0.0,0.0,0.0,0.97,0.65,0.0,2.58,0.97,0.0,0.0,0.0,10.0,1.29,0.97,57.1,2021-12-22,2800000.0,,,,,
899,Alessandro Florenzi,ITA,DFFW,Milan,Serie A,31.0,1991,24,12,1152,12.8,0.16,1.72,0.47,27.3,0.09,0.33,24.0,0.16,0.0,0.0,50.8,62.9,80.7,1022.3,352.6,18.0,19.3,93.1,23.4,25.9,90.3,8.2,14.8,55.3,0.0,0.94,4.53,2.19,0.63,4.92,62.9,53.5,9.38,1.72,0.08,4.84,2.81,2.42,1.33,0.63,0.39,0.08,35.5,12.7,14.6,3.36,50.8,1.17,6.33,0.39,50.8,0.31,0.7,1.41,1.48,2.58,2.03,0.39,0.0,0.0,0.08,0.08,0.08,0.08,0.0,0.0,0.0,0.0,0.0,2.19,1.25,0.86,0.78,0.55,0.7,2.42,29.0,1.72,14.7,4.45,30.3,5.55,6.8,2.34,1.25,0.16,0.0,1.09,2.58,4.77,1.17,0.16,72.1,2.5,20.2,38.5,18.4,1.48,62.8,0.55,0.86,63.6,0.63,0.08,44.1,221.3,127.7,5.78,1.8,0.31,0.39,0.31,49.7,45.7,92.0,2.27,0.16,0.0,0.0,0.86,0.63,0.23,2.42,1.25,0.0,0.0,0.0,8.91,1.02,0.78,56.5,2021-12-28,7000000.0,,,,,
924,Gianluca Frabotta,ITA,DFFW,Hellas Verona,Serie A,22.0,1999,2,0,20,0.2,0.0,0.0,0.0,0.0,0.0,0.0,0.0,0.0,0.0,0.0,20.0,45.0,44.4,255.0,210.0,5.0,20.0,25.0,10.0,20.0,50.0,0.0,0.0,0.0,0.0,0.0,0.0,5.0,0.0,10.0,45.0,45.0,0.0,0.0,0.0,0.0,0.0,0.0,0.0,0.0,0.0,0.0,30.0,0.0,15.0,30.0,5.0,10.0,0.0,0.0,20.0,0.0,0.0,0.0,0.0,0.0,0.0,0.0,0.0,0.0,0.0,0.0,0.0,0.0,0.0,0.0,0.0,0.0,0.0,0.0,0.0,0.0,0.0,0.0,0.0,0.0,0.0,0.0,30.0,15.0,50.0,5.0,25.0,0.0,5.0,0.0,0.0,5.0,0.0,0.0,0.0,0.0,50.0,5.0,10.0,25.0,25.0,5.0,50.0,0.0,0.0,0.0,0.0,0.0,30.0,425.0,315.0,5.0,5.0,0.0,0.0,0.0,25.0,25.0,100.0,0.0,0.0,0.0,0.0,5.0,5.0,0.0,0.0,0.0,0.0,0.0,0.0,20.0,0.0,5.0,0.0,2021-12-28,2500000.0,,,,,
1180,Patrick Herrmann,GER,DFFW,M'Gladbach,Bundesliga,31.0,1991,23,5,754,8.4,0.0,1.79,0.48,26.7,0.0,0.0,15.3,0.12,0.0,0.0,31.3,44.3,70.7,585.6,209.6,15.8,19.6,80.6,10.6,13.5,78.8,4.52,9.52,47.5,0.48,2.14,1.07,1.43,0.48,3.69,44.3,34.8,9.52,2.26,0.24,7.86,2.14,3.69,2.62,1.19,1.07,0.24,24.3,8.45,11.5,3.21,35.2,0.95,4.64,0.0,31.3,0.12,0.48,2.38,2.14,3.45,2.14,1.07,0.12,0.12,0.0,0.0,0.71,0.6,0.12,0.0,0.0,0.0,0.0,2.02,0.83,0.6,0.95,0.48,1.19,2.98,40.0,1.79,16.0,5.24,32.8,3.93,7.26,4.76,1.43,0.12,0.0,1.31,0.95,2.98,0.95,0.0,55.4,1.67,9.88,20.5,28.5,3.69,46.1,1.07,1.55,69.2,1.07,0.0,32.3,153.5,84.9,4.4,1.31,0.71,1.67,1.55,40.4,32.7,81.1,6.07,0.12,0.0,0.0,0.95,1.31,0.48,3.69,0.83,0.0,0.0,0.0,7.14,0.36,0.83,30.0,2021-12-22,2500000.0,,,,,
1260,Ismail Jakobs,GER,DFFW,Monaco,Ligue 1,22.0,1999,28,10,1203,13.4,0.0,0.37,0.07,20.0,0.0,0.0,13.6,0.0,0.0,0.0,48.5,68.2,71.1,824.9,314.2,25.1,28.5,88.2,19.0,25.6,74.1,3.96,11.2,35.3,0.07,1.27,3.36,2.16,1.19,5.75,68.2,57.1,11.1,0.9,0.0,9.7,1.87,4.78,0.6,0.37,0.0,0.07,38.2,12.9,17.1,49.4,4.03,2.46,9.63,0.37,48.5,0.52,1.49,2.61,2.31,2.39,2.01,0.22,0.15,0.0,0.0,0.0,0.22,0.15,0.07,0.0,0.0,0.0,0.0,2.84,1.64,1.27,1.27,0.3,1.12,2.31,48.4,1.19,15.6,5.6,35.9,5.67,5.82,4.1,1.57,0.15,0.0,1.42,1.87,4.7,2.76,0.0,79.3,3.21,18.4,37.3,28.7,1.64,68.4,0.37,0.82,45.5,0.45,0.15,43.4,230.9,131.0,6.94,2.24,0.3,0.9,0.75,55.3,47.9,86.6,3.58,0.07,0.0,0.0,1.27,0.67,0.07,4.78,1.64,0.0,0.07,0.0,9.78,3.13,1.04,75.0,2022-05-30,7000000.0,,,,,
1274,Dennis Jastrzembski,POL,DFFW,Hertha BSC,Bundesliga,22.0,2000,8,1,225,2.5,0.0,0.4,0.0,0.0,0.0,0.0,16.5,0.0,0.0,0.0,27.6,42.8,64.5,522.0,176.8,12.4,16.4,75.6,10.8,18.4,58.7,4.0,6.8,58.8,0.0,1.6,1.2,0.8,0.0,2.4,42.8,30.0,12.8,0.4,0.0,4.4,1.2,3.2,1.6,0.8,0.4,0.0,22.0,9.6,11.2,23.6,5.2,1.6,10.8,0.8,27.6,0.0,0.0,4.4,0.4,2.0,1.6,0.0,0.0,0.0,0.4,0.0,0.0,0.0,0.0,0.0,0.0,0.0,0.0,0.8,0.8,0.4,0.4,0.0,0.8,2.4,33.3,1.6,18.4,5.2,28.3,7.2,7.2,4.0,1.2,0.0,0.0,1.2,0.8,1.6,1.6,0.0,54.4,1.6,14.4,24.0,21.6,2.8,42.0,2.0,4.4,45.5,2.0,0.0,31.6,176.0,74.4,4.0,1.2,2.4,2.0,2.4,38.0,28.8,75.8,5.6,0.4,0.0,0.0,1.2,1.6,0.0,3.2,0.8,0.0,0.0,0.0,8.4,1.6,0.8,66.7,2021-12-22,1000000.0,,,,,
1471,Tariq Lamptey,ENG,DFFW,Brighton,Premier League,21.0,2000,30,16,1561,17.3,0.0,1.1,0.23,21.1,0.0,0.0,19.5,0.0,0.0,0.0,35.1,45.5,77.1,529.2,120.8,19.7,22.4,87.9,13.0,16.4,79.5,1.56,3.87,40.3,0.12,1.21,1.04,1.21,0.81,2.49,45.5,41.3,4.16,0.29,0.06,6.53,0.58,4.16,0.0,0.0,0.0,0.0,31.0,7.51,6.99,8.96,31.0,1.1,3.87,0.12,35.1,0.12,0.75,1.16,2.14,2.72,1.91,0.0,0.23,0.17,0.23,0.17,0.12,0.12,0.0,0.0,0.0,0.0,0.0,2.2,1.33,0.87,1.04,0.29,0.81,1.5,53.8,0.69,14.2,4.28,30.2,4.51,5.55,4.1,1.27,0.23,0.0,1.04,2.14,4.34,1.1,0.0,60.3,2.37,13.1,23.2,29.4,2.6,56.2,1.62,3.47,46.7,1.68,0.0,44.0,261.0,165.7,9.31,2.02,1.04,1.79,1.45,51.3,41.2,80.4,4.39,0.23,0.0,0.0,1.79,3.12,0.17,4.16,1.33,0.0,0.0,0.0,6.99,0.52,1.85,22.0,2021-12-23,18000000.0,,,,,
1584,Levi Lumeka,ENG,DFFW,Troyes,Ligue 1,23.0,1998,5,0,67,0.7,0.0,0.0,0.0,0.0,0.0,0.0,0.0,0.0,0.0,0.0,14.3,24.3,58.8,254.3,35.7,7.14,8.57,83.3,2.86,8.57,33.3,2.86,5.71,50.0,0.0,0.0,2.86,1.43,1.43,0.0,24.3,22.9,1.43,0.0,0.0,7.14,0.0,4.29,0.0,0.0,0.0,0.0,17.1,2.86,4.29,4.29,18.6,0.0,1.43,0.0,14.3,0.0,0.0,4.29,1.43,1.43,0.0,0.0,0.0,0.0,1.43,0.0,0.0,0.0,0.0,0.0,0.0,0.0,0.0,0.0,0.0,0.0,0.0,0.0,0.0,0.0,0.0,0.0,38.6,5.71,14.8,14.3,18.6,5.71,0.0,0.0,0.0,0.0,0.0,0.0,2.86,0.0,32.9,1.43,12.9,8.57,14.3,2.86,31.4,4.29,4.29,100.0,4.29,0.0,30.0,170.0,80.0,2.86,1.43,1.43,2.86,0.0,57.1,22.9,40.0,7.14,0.0,0.0,0.0,2.86,1.43,2.86,4.29,0.0,0.0,0.0,0.0,1.43,0.0,2.86,0.0,2022-04-01,450000.0,,,,,
1591,Yannis M'Bemba,FRA,DFFW,Nantes,Ligue 1,20.0,2001,2,0,5,0.1,0.0,20.0,10.0,50.0,0.0,0.0,10.0,0.0,0.0,0.0,40.0,50.0,80.0,620.0,130.0,30.0,30.0,100.0,0.0,0.0,0.0,10.0,20.0,50.0,0.0,0.0,0.0,0.0,0.0,0.0,50.0,40.0,10.0,10.0,0.0,0.0,10.0,0.0,0.0,0.0,0.0,0.0,40.0,0.0,10.0,0.0,50.0,0.0,0.0,0.0,40.0,0.0,10.0,0.0,0.0,0.0,0.0,0.0,0.0,0.0,0.0,0.0,0.0,0.0,0.0,0.0,0.0,0.0,0.0,0.0,0.0,0.0,0.0,0.0,0.0,0.0,0.0,0.0,20.0,20.0,100.0,20.0,0.0,0.0,0.0,0.0,0.0,0.0,0.0,0.0,0.0,0.0,80.0,10.0,30.0,10.0,40.0,20.0,70.0,0.0,0.0,0.0,0.0,0.0,50.0,110.0,30.0,0.0,0.0,0.0,10.0,0.0,50.0,50.0,100.0,0.0,0.0,0.0,0.0,0.0,10.0,0.0,0.0,0.0,0.0,0.0,0.0,20.0,10.0,0.0,100.0,2022-05-30,200000.0,,,,,
1657,Solly March,ENG,DFFW,Brighton,Premier League,27.0,1994,31,17,1746,19.4,0.0,1.08,0.52,47.6,0.0,0.0,17.3,0.1,0.0,0.0,28.5,39.5,72.2,540.2,144.4,13.8,16.8,82.5,10.0,13.5,74.0,4.02,7.16,56.1,0.1,1.8,1.44,1.7,0.52,2.84,39.5,35.1,4.43,0.72,0.05,6.86,2.53,3.25,1.8,0.52,0.93,0.05,25.3,5.15,9.07,31.6,3.51,1.44,1.8,0.21,28.5,0.0,0.57,1.86,1.91,3.45,2.11,0.72,0.36,0.0,0.15,0.1,0.21,0.15,0.0,0.0,0.0,0.05,0.0,1.96,1.13,0.77,0.46,0.72,0.46,1.24,37.5,0.77,13.4,3.71,27.7,3.66,4.23,5.52,1.7,0.21,0.0,1.49,1.6,3.56,1.19,0.0,50.8,2.22,8.51,17.7,27.7,4.02,46.4,1.29,2.27,56.8,1.29,0.05,34.7,218.6,121.7,6.49,1.08,1.24,1.19,1.65,42.7,32.6,76.2,4.18,0.05,0.0,0.0,1.8,1.19,0.62,3.25,1.13,0.0,0.0,0.0,6.65,1.13,1.96,36.7,2021-12-23,9000000.0,,,,,
1698,Roberto Massimo,GER,DFFW,Stuttgart,Bundesliga,21.0,2000,19,11,877,9.7,0.21,2.06,1.13,55.0,0.1,0.18,18.4,0.0,0.0,0.0,23.2,30.9,75.0,374.0,94.5,11.2,13.5,83.2,9.28,10.5,88.2,1.65,3.81,43.2,0.0,1.03,0.72,0.41,0.21,2.06,30.9,25.9,5.05,0.1,0.0,6.7,0.41,1.65,0.0,0.0,0.0,0.0,19.8,6.08,5.05,3.61,20.7,1.24,4.54,0.31,23.2,0.0,0.52,1.55,1.34,1.96,1.34,0.0,0.31,0.31,0.0,0.0,0.21,0.0,0.0,0.1,0.1,0.0,0.0,1.24,1.13,0.72,0.41,0.1,0.52,1.55,33.3,1.03,19.0,4.95,26.1,5.98,7.53,5.46,1.13,0.0,0.0,1.13,1.24,2.47,0.62,0.0,44.3,0.62,9.59,20.0,18.2,3.3,39.5,1.55,3.81,40.5,1.96,0.21,29.5,158.4,90.2,4.23,1.24,0.93,2.37,1.96,40.0,28.2,70.6,5.88,0.0,0.0,0.0,0.93,0.72,0.41,1.65,1.13,0.0,0.0,0.0,5.67,0.62,1.34,31.6,2021-12-22,3000000.0,,,,,
1699,Arthur Masuaku,COD,DFFW,West Ham,Premier League,28.0,1993,13,6,650,7.2,0.14,0.56,0.14,25.0,0.25,1.0,26.6,0.0,0.0,0.0,40.7,52.1,78.1,643.6,217.6,22.6,25.3,89.6,15.7,20.1,77.9,2.08,5.69,36.6,0.14,0.42,3.06,0.83,0.28,3.33,52.1,46.3,5.83,0.56,0.0,7.5,0.69,2.78,0.0,0.0,0.0,0.0,36.0,8.06,8.06,41.5,1.81,2.36,5.28,0.14,40.7,0.28,1.53,2.08,1.25,0.83,0.56,0.28,0.0,0.0,0.0,0.0,0.28,0.14,0.14,0.0,0.0,0.0,0.0,4.58,2.64,2.78,1.53,0.28,1.67,3.19,52.2,1.53,16.7,5.42,32.5,8.47,6.94,1.25,1.39,0.14,0.0,1.25,2.5,7.08,2.22,0.0,66.0,4.17,20.3,25.8,22.8,1.25,60.3,0.69,1.11,62.5,0.69,0.14,41.7,168.6,95.0,4.86,1.11,0.56,1.25,1.25,41.0,37.5,91.5,1.53,0.14,0.0,0.0,1.11,0.56,0.0,2.78,2.64,0.0,0.0,0.0,10.3,1.81,1.25,59.1,2021-12-23,5000000.0,,,,,
1759,Arial Mendy,SEN,DFFW,Clermont Foot,Ligue 1,27.0,1994,18,9,792,8.8,0.0,1.14,0.34,30.0,0.0,0.0,21.6,0.0,0.0,0.0,36.5,46.5,78.5,612.0,204.2,20.8,23.5,88.4,11.4,14.5,78.1,3.98,6.7,59.3,0.0,1.02,1.48,1.02,0.57,3.07,46.5,40.3,6.14,0.0,0.23,6.14,1.59,2.5,0.0,0.0,0.0,0.0,29.0,8.98,8.52,26.5,11.6,1.36,6.14,0.34,36.5,0.11,1.59,1.14,2.16,1.59,1.36,0.11,0.11,0.0,0.0,0.0,0.0,0.0,0.0,0.0,0.0,0.0,0.0,1.25,0.8,0.91,0.34,0.0,0.91,1.93,47.1,1.02,10.9,2.27,20.8,3.86,3.98,3.07,1.14,0.23,0.0,0.91,1.59,2.84,1.02,0.0,56.5,2.84,16.3,24.2,20.0,2.16,50.3,0.68,2.39,28.6,0.68,0.34,38.4,192.3,110.7,5.45,1.82,1.02,1.36,0.68,43.3,37.3,86.1,2.5,0.11,0.0,0.0,0.68,1.36,0.0,2.5,0.8,0.0,0.0,0.0,6.82,1.02,1.02,50.0,2022-05-30,700000.0,,,,,
2241,Panagiotis Retsos,GRE,DFFW,Leverkusen,Bundesliga,23.0,1998,4,0,32,0.4,0.0,2.5,0.0,0.0,0.0,0.0,8.2,0.0,0.0,0.0,25.0,30.0,83.3,397.5,200.0,10.0,12.5,80.0,10.0,12.5,80.0,2.5,2.5,100.0,0.0,0.0,2.5,0.0,0.0,2.5,30.0,27.5,2.5,2.5,0.0,5.0,0.0,0.0,0.0,0.0,0.0,0.0,27.5,2.5,0.0,12.5,17.5,0.0,0.0,0.0,25.0,0.0,0.0,2.5,0.0,2.5,2.5,0.0,0.0,0.0,0.0,0.0,0.0,0.0,0.0,0.0,0.0,0.0,0.0,0.0,0.0,0.0,0.0,0.0,0.0,0.0,0.0,0.0,15.0,7.5,50.0,10.0,5.0,0.0,0.0,0.0,0.0,0.0,2.5,2.5,2.5,0.0,37.5,7.5,17.5,20.0,2.5,2.5,37.5,2.5,2.5,100.0,2.5,0.0,30.0,215.0,70.0,5.0,0.0,0.0,0.0,0.0,27.5,27.5,100.0,0.0,0.0,0.0,0.0,0.0,2.5,0.0,0.0,0.0,0.0,0.0,0.0,5.0,5.0,0.0,100.0,2021-12-22,3500000.0,,,,,
2373,Junior Sambia,FRA,DFFW,Montpellier,Ligue 1,25.0,1996,30,16,1533,17.0,0.06,1.24,0.35,28.6,0.05,0.17,23.6,0.18,0.0,0.0,33.1,42.9,77.0,565.9,228.5,17.4,19.5,89.1,11.4,14.9,76.7,3.41,6.65,51.3,0.0,0.59,2.59,0.88,0.47,3.65,42.9,34.2,8.76,0.59,0.0,5.59,1.24,2.82,0.12,0.0,0.06,0.0,24.7,8.82,9.41,5.94,27.1,1.06,8.06,0.0,33.1,0.06,0.76,2.12,0.76,1.59,0.82,0.0,0.24,0.18,0.35,0.0,0.18,0.12,0.0,0.0,0.06,0.0,0.0,1.18,0.47,0.65,0.35,0.18,0.35,1.0,35.3,0.65,11.5,2.82,24.6,4.29,4.12,3.06,2.71,0.29,0.0,2.41,1.71,2.88,1.47,0.0,56.1,3.88,15.8,26.9,17.2,1.41,47.3,1.59,2.94,54.0,1.65,0.12,32.7,177.6,124.2,6.47,2.18,0.35,1.47,1.0,38.1,32.6,85.8,4.41,0.29,0.06,0.06,1.12,1.65,0.0,2.82,0.47,0.0,0.0,0.0,6.35,1.29,1.47,46.8,2022-05-30,4500000.0,,,,,
2465,Stephan El Shaarawy,ITA,DFFW,Roma,Serie A,29.0,1992,27,8,1055,11.7,0.26,3.33,1.11,33.3,0.08,0.23,18.2,0.09,0.0,0.0,41.6,50.1,83.1,757.0,203.4,19.3,22.1,87.6,17.7,20.4,86.6,4.36,6.07,71.8,0.0,2.65,1.97,2.56,0.43,4.96,50.1,45.7,4.36,0.51,0.09,8.29,1.11,2.48,0.0,0.0,0.0,0.0,32.1,10.5,7.44,2.91,41.3,1.45,3.76,0.09,41.6,0.09,0.34,1.54,1.28,3.68,3.16,0.0,0.17,0.26,0.09,0.0,0.0,0.0,0.0,0.0,0.0,0.0,0.0,1.45,0.68,0.34,1.11,0.0,0.43,0.6,71.4,0.17,13.2,3.59,27.1,3.68,5.38,4.19,1.45,0.26,0.0,1.2,1.37,2.82,0.6,0.0,62.9,1.11,9.57,28.7,29.6,5.73,58.7,1.62,3.16,51.4,1.97,0.17,43.8,264.3,179.8,8.63,3.08,1.37,1.71,1.11,51.8,44.0,85.0,4.7,0.09,0.0,0.0,0.77,1.28,0.26,2.48,0.68,0.0,0.0,0.0,8.72,1.2,1.37,46.7,2021-12-28,7000000.0,,,,,
2515,Andreas Skov Olsen,DEN,DFFW,Bologna,Serie A,22.0,1999,18,6,747,8.3,0.0,0.84,0.24,28.6,0.0,0.0,13.7,0.0,0.0,0.0,36.3,47.3,76.6,576.9,191.6,19.5,22.0,88.5,13.1,16.4,80.1,3.37,7.35,45.9,0.24,1.08,1.45,0.84,0.84,2.65,47.3,39.6,7.71,0.72,0.0,5.66,1.33,3.61,1.93,0.72,0.12,0.0,28.6,10.1,8.67,29.2,9.88,2.77,5.06,0.24,36.3,0.12,0.96,1.33,1.33,2.53,1.93,0.24,0.12,0.12,0.12,0.0,0.72,0.36,0.12,0.12,0.0,0.12,0.0,1.45,0.84,0.72,0.48,0.24,0.24,1.08,22.2,0.84,13.0,3.01,23.1,5.3,3.98,3.73,1.69,0.12,0.0,1.57,0.6,2.05,1.45,0.0,59.5,2.29,11.1,27.7,25.8,2.65,52.2,0.84,2.77,30.4,1.08,0.12,37.6,209.2,126.3,6.02,2.41,0.72,1.93,0.72,50.4,39.6,78.7,3.73,0.0,0.0,0.0,0.48,1.93,0.0,3.61,0.84,0.0,0.0,0.0,6.27,0.36,1.08,25.0,2022-05-26,12000000.0,,,,,
2516,Robert Skov,DEN,DFFW,Hoffenheim,Bundesliga,26.0,1996,12,3,368,4.1,0.0,2.93,0.49,16.7,0.0,0.0,17.8,0.24,0.0,0.0,32.0,42.7,74.9,662.7,197.6,12.0,14.1,84.5,14.6,17.6,83.3,5.12,10.2,50.0,0.24,2.2,0.98,1.71,0.24,2.93,42.7,36.1,6.59,1.95,0.0,4.15,1.95,3.41,2.2,0.73,0.73,0.24,26.3,5.12,11.2,29.8,6.83,2.44,2.44,0.0,32.0,0.24,1.46,2.2,0.49,3.41,1.46,0.98,0.0,0.73,0.0,0.24,0.73,0.24,0.0,0.0,0.49,0.0,0.0,0.49,0.49,0.24,0.24,0.0,0.24,1.71,14.3,1.46,15.4,4.88,31.7,3.17,6.34,5.85,0.98,0.0,0.0,0.98,1.46,1.95,0.73,0.0,53.7,1.46,9.51,22.2,24.9,5.12,47.1,0.0,1.22,0.0,0.0,0.0,32.0,155.1,78.0,4.15,1.22,1.22,2.93,0.49,43.9,36.6,83.3,6.59,0.24,0.0,0.0,1.22,0.98,0.0,3.41,0.49,0.0,0.0,0.0,5.85,1.46,1.22,54.5,2021-12-22,8000000.0,,,,,
2647,Erik Thommy,GER,DFFW,Stuttgart,Bundesliga,27.0,1994,11,1,274,3.0,0.0,3.33,1.33,40.0,0.0,0.0,22.9,0.0,0.0,0.0,29.3,40.0,73.3,550.0,147.3,12.7,15.7,80.9,11.0,12.7,86.8,4.33,8.0,54.2,0.0,3.0,2.0,1.0,0.67,2.33,40.0,35.7,4.33,1.33,0.33,8.67,1.33,2.67,2.33,0.0,2.33,0.0,25.7,6.67,7.67,6.33,30.7,1.33,0.67,0.0,29.3,0.0,0.33,0.67,3.0,4.33,2.67,1.0,0.33,0.33,0.0,0.0,0.33,0.0,0.0,0.0,0.33,0.0,0.0,1.0,0.67,0.0,1.0,0.0,0.0,0.0,0.0,0.0,16.7,5.0,30.0,4.67,4.67,7.33,1.67,0.0,0.0,1.67,1.0,2.0,0.0,0.0,54.3,0.33,6.0,23.3,28.7,4.67,50.3,1.67,3.33,50.0,1.67,0.0,39.0,181.3,80.3,5.33,1.67,0.67,2.33,1.0,50.0,38.0,76.0,6.33,0.0,0.0,0.0,1.0,2.0,0.67,2.67,0.67,0.0,0.0,0.0,7.33,1.0,2.0,33.3,2021-12-22,1800000.0,,,,,
2856,Marius Wolf,GER,DFFW,Dortmund,Bundesliga,27.0,1995,27,15,1321,14.7,0.2,1.43,0.68,47.6,0.14,0.3,15.6,0.0,0.0,0.0,39.0,50.1,77.9,649.7,218.0,18.4,21.6,85.5,16.3,19.4,83.9,3.13,6.12,51.1,0.07,0.75,2.52,0.82,0.14,4.35,50.1,43.9,6.12,0.75,0.14,8.23,0.82,1.77,0.07,0.0,0.0,0.0,35.0,8.84,6.19,2.86,40.3,0.88,5.31,0.2,39.0,0.14,0.61,2.18,2.04,1.97,1.36,0.0,0.14,0.34,0.14,0.0,0.34,0.2,0.0,0.07,0.0,0.07,0.0,1.5,0.82,0.82,0.48,0.2,0.61,1.77,34.6,1.16,18.2,5.24,28.7,5.51,8.03,4.69,1.43,0.07,0.0,1.36,1.77,3.27,0.41,0.0,60.8,1.56,13.7,30.3,20.6,3.54,54.8,0.82,2.11,38.7,0.95,0.2,39.3,169.2,102.9,5.17,1.77,0.88,0.75,1.43,49.7,41.7,83.9,4.63,0.27,0.0,0.0,1.22,1.16,0.27,1.77,0.82,0.07,0.0,0.0,6.46,0.61,1.36,31.0,2021-12-22,5000000.0,,,,,
2876,Ashley Young,ENG,DFFW,Aston Villa,Premier League,36.0,1985,24,10,1250,13.9,0.0,0.72,0.22,30.0,0.0,0.0,21.1,0.07,0.0,0.0,34.6,45.1,76.7,618.2,215.9,17.1,19.7,86.9,13.0,16.0,81.2,4.03,7.55,53.3,0.14,0.86,2.45,0.72,0.22,2.45,45.1,38.1,7.05,1.08,0.07,5.83,1.58,2.09,0.29,0.07,0.14,0.0,26.4,8.63,10.1,8.42,28.9,1.65,5.4,0.22,34.6,0.22,1.15,1.08,1.65,1.58,1.15,0.22,0.07,0.0,0.07,0.07,0.29,0.14,0.07,0.07,0.0,0.0,0.0,2.01,1.08,1.08,0.65,0.29,0.79,1.01,78.6,0.22,10.4,2.52,24.1,4.24,4.03,2.16,0.86,0.29,0.0,0.58,1.58,3.6,1.73,0.0,54.2,3.24,15.0,24.5,17.9,1.37,47.5,0.5,0.94,53.8,0.65,0.07,33.5,155.0,92.0,4.39,1.44,0.43,0.94,0.5,38.6,33.9,87.9,2.23,0.14,0.0,0.0,1.44,2.45,0.07,2.09,1.08,0.0,0.0,0.07,6.55,0.86,1.29,40.0,2021-12-23,1000000.0,,,,,
27,Felix Agu,GER,DFFW,Werder Bremen,Bundesliga,23.0,1999,3,0,49,0.5,0.0,2.0,0.0,0.0,0.0,0.0,15.9,0.0,0.0,0.0,32.0,50.0,64.0,598.0,288.0,8.0,10.0,80.0,18.0,20.0,90.0,4.0,12.0,33.3,0.0,2.0,2.0,2.0,0.0,4.0,50.0,38.0,12.0,0.0,0.0,,0.0,2.0,0.0,0.0,0.0,0.0,,,,,,,12.0,,32.0,0.0,,,4.0,8.0,6.0,2.0,0.0,0.0,0.0,0.0,0.0,0.0,0.0,0.0,0.0,0.0,0.0,2.0,0.0,0.0,2.0,0.0,0.0,0.0,0.0,0.0,,,,,,,2.0,2.0,,0.0,0.0,2.0,0.0,0.0,66.0,2.0,14.0,26.0,28.0,4.0,66.0,,,,,,38.0,330.0,48.0,0.0,4.0,0.0,2.0,4.0,,38.0,,4.0,0.0,0.0,0.0,6.0,6.0,0.0,2.0,0.0,0.0,2.0,0.0,6.0,2.0,2.0,50.0,2023-03-29,1000000.0,6.0,0.0,0.0,4.0,66.7
70,Jim Allevinah,GAB,DFFW,Clermont Foot,Ligue 1,27.0,1995,21,13,1220,13.6,1.0,1.4,0.29,21.1,0.05,0.25,17.2,0.0,0.0,0.0,24.3,31.2,77.8,332.3,68.6,14.7,17.0,86.6,7.43,9.63,77.1,0.88,1.99,44.4,0.0,0.66,1.25,0.37,0.22,1.99,31.2,30.1,1.03,0.15,0.0,,0.07,2.57,0.0,0.0,0.0,0.0,,,,,,,0.81,,24.3,0.0,,,1.4,1.91,1.54,0.07,0.22,0.07,0.0,0.0,0.07,0.0,0.0,0.0,0.07,0.0,0.0,1.91,1.1,1.18,0.44,0.29,1.03,2.87,35.9,1.84,,,,,,,1.25,0.07,,1.18,0.66,2.57,0.66,0.0,43.8,1.47,8.9,18.9,16.9,3.16,43.8,,,,,,33.5,250.3,109.4,3.38,2.28,0.59,2.28,2.06,,30.5,,6.4,0.15,0.0,0.0,1.03,2.21,0.07,2.57,1.1,0.0,0.0,0.0,5.81,0.29,0.66,30.8,2022-11-02,2000000.0,4.04,1.69,41.8,1.91,47.3
360,Andreas Bruus,DEN,DFFW,Troyes,Ligue 1,24.0,1999,16,11,1016,11.3,0.0,0.35,0.09,25.0,0.0,0.0,19.5,0.09,0.0,0.0,22.7,33.4,68.2,396.0,148.6,10.7,14.3,74.7,8.58,12.0,71.3,2.65,5.31,50.0,0.18,1.59,1.5,1.42,0.88,2.21,33.4,27.8,5.58,0.62,0.0,,0.09,4.42,0.8,0.53,0.18,0.0,,,,,,,4.16,,22.7,0.0,,,1.42,2.12,1.68,0.09,0.27,0.0,0.0,0.09,0.18,0.18,0.0,0.0,0.0,0.0,0.0,0.71,0.27,0.44,0.27,0.0,0.44,0.62,71.4,0.18,,,,,,,0.71,0.09,,0.62,1.15,1.86,1.06,0.0,41.1,1.42,8.85,16.0,16.5,1.06,41.1,,,,,,27.4,173.8,66.3,2.65,1.5,0.44,1.33,0.27,,25.0,,6.81,0.18,0.0,0.0,0.71,0.53,0.09,4.42,0.27,0.0,0.0,0.0,3.45,0.09,0.97,8.3,2022-11-02,2000000.0,2.12,0.88,41.7,0.88,41.7
364,Lee Buchanan,ENG,DFFW,Werder Bremen,Bundesliga,21.0,2001,13,1,269,3.0,1.0,1.33,0.33,25.0,0.25,1.0,22.1,0.0,0.0,0.0,32.3,47.3,68.3,632.7,250.7,13.0,15.7,83.0,13.3,19.3,69.0,5.67,11.7,48.6,0.0,1.0,3.67,1.0,0.33,4.33,47.3,41.0,6.33,0.33,0.33,,0.33,4.33,0.0,0.0,0.0,0.0,,,,,,,6.0,,32.3,0.0,,,0.33,1.33,1.33,0.0,0.0,0.0,0.0,0.0,0.0,0.0,0.0,0.0,0.0,0.0,0.0,2.33,2.0,0.67,1.67,0.0,1.67,2.33,71.4,0.67,,,,,,,1.0,0.0,,1.0,2.33,4.67,3.33,0.0,64.0,4.67,20.3,25.7,18.7,2.33,64.0,,,,,,33.0,129.7,62.0,1.33,0.67,0.0,2.0,0.67,,36.3,,5.0,0.33,0.0,0.0,1.33,1.0,0.0,4.33,2.0,0.0,0.0,0.0,5.67,1.67,1.0,62.5,2022-11-09,3500000.0,1.67,0.0,0.0,1.33,80.0
492,Federico Chiesa,ITA,DFFW,Juventus,Serie A,25.0,1997,7,1,241,2.7,0.0,1.85,0.0,0.0,0.0,0.0,15.9,0.0,0.0,0.0,30.7,41.5,74.1,447.8,129.3,16.7,19.6,84.9,11.5,15.9,72.1,0.74,1.48,50.0,0.74,1.85,2.96,1.11,0.37,2.59,41.5,34.4,7.04,0.37,0.37,,0.0,4.07,1.11,0.0,0.37,0.0,,,,,,,5.56,,30.7,0.0,,,1.85,3.33,2.22,0.37,0.37,0.0,0.0,0.37,0.74,0.74,0.0,0.0,0.0,0.0,0.0,2.96,1.85,1.48,0.74,0.74,1.11,1.48,75.0,0.37,,,,,,,0.74,0.37,,0.37,0.0,2.96,0.37,0.0,53.3,1.48,8.52,21.1,25.2,3.33,53.3,,,,,,28.5,180.4,114.1,4.44,2.96,1.85,2.22,1.48,,33.0,,6.67,0.37,0.0,0.0,1.48,0.74,0.37,4.07,1.85,0.0,0.0,0.0,6.3,0.0,0.0,0.0,2023-03-21,50000000.0,3.7,1.85,50.0,1.85,50.0
507,Tio Cipot,SVN,DFFW,Spezia,Serie A,19.0,2003,3,0,51,0.6,0.0,1.67,1.67,100.0,0.0,0.0,30.6,0.0,0.0,0.0,26.7,38.3,69.6,391.7,100.0,10.0,13.3,75.0,15.0,18.3,81.8,0.0,1.67,0.0,0.0,1.67,0.0,1.67,0.0,3.33,38.3,31.7,6.67,1.67,0.0,,0.0,1.67,1.67,1.67,0.0,0.0,,,,,,,3.33,,26.7,0.0,,,1.67,1.67,1.67,0.0,0.0,0.0,0.0,0.0,0.0,0.0,0.0,0.0,0.0,0.0,0.0,6.67,5.0,3.33,0.0,3.33,1.67,3.33,50.0,1.67,,,,,,,0.0,0.0,,0.0,0.0,6.67,1.67,0.0,53.3,1.67,5.0,26.7,25.0,3.33,53.3,,,,,,33.3,166.7,75.0,3.33,0.0,0.0,1.67,5.0,,40.0,,8.33,0.0,0.0,0.0,0.0,1.67,0.0,1.67,5.0,0.0,0.0,0.0,1.67,0.0,1.67,0.0,2022-12-15,500000.0,6.67,3.33,50.0,3.33,50.0
518,Marcus Coco,FRA,DFFW,Nantes,Ligue 1,26.0,1996,14,3,292,3.2,1.0,1.56,0.31,20.0,0.2,1.0,15.4,0.0,0.0,0.0,29.4,40.9,71.8,454.7,161.3,17.2,21.6,79.7,8.44,10.9,77.1,2.5,5.94,42.1,0.0,1.25,1.56,0.94,0.63,3.75,40.9,37.8,3.13,0.94,0.0,,0.0,3.75,0.31,0.0,0.31,0.0,,,,,,,1.88,,29.4,0.0,,,1.88,2.5,2.5,0.0,0.0,0.0,0.0,0.0,0.0,0.0,0.0,0.0,0.0,0.0,0.0,2.81,1.56,1.56,0.31,0.94,0.63,2.19,28.6,1.56,,,,,,,1.88,0.94,,0.94,2.19,5.0,1.25,0.0,55.9,2.5,14.1,21.9,21.6,4.38,55.9,,,,,,38.8,245.0,134.4,3.13,0.63,0.63,2.81,1.88,,34.7,,7.19,0.0,0.0,0.0,1.88,2.5,0.63,3.75,1.56,0.0,0.0,0.0,8.13,2.81,3.13,47.4,2022-11-02,1500000.0,0.94,0.31,33.3,0.63,66.7
559,Tanguy Coulibaly,FRA,DFFW,Stuttgart,Bundesliga,21.0,2001,2,0,35,0.4,0.0,0.0,0.0,0.0,0.0,0.0,0.0,0.0,0.0,0.0,45.0,65.0,69.2,722.5,227.5,30.0,30.0,100.0,10.0,15.0,66.7,5.0,10.0,50.0,0.0,0.0,2.5,2.5,2.5,2.5,65.0,57.5,7.5,0.0,0.0,,2.5,7.5,0.0,0.0,0.0,0.0,,,,,,,7.5,,45.0,0.0,,,10.0,2.5,2.5,0.0,0.0,0.0,0.0,0.0,0.0,0.0,0.0,0.0,0.0,0.0,0.0,7.5,5.0,5.0,2.5,0.0,2.5,2.5,100.0,0.0,,,,,,,7.5,0.0,,7.5,2.5,10.0,0.0,0.0,77.5,0.0,15.0,20.0,45.0,2.5,77.5,,,,,,47.5,300.0,130.0,5.0,2.5,2.5,0.0,0.0,,42.5,,15.0,0.0,0.0,0.0,0.0,2.5,2.5,7.5,5.0,0.0,0.0,0.0,17.5,0.0,0.0,0.0,2022-11-09,2000000.0,10.0,5.0,50.0,5.0,50.0
571,Juan Cuadrado,COL,DFFW,Juventus,Serie A,34.0,1988,16,13,1059,11.8,0.0,1.53,0.42,27.8,0.0,0.0,19.2,0.17,0.0,0.0,45.3,54.2,83.6,887.7,225.8,18.8,20.9,89.9,18.4,21.0,87.5,7.63,10.6,72.0,0.25,2.29,2.03,1.27,0.59,3.73,54.2,47.7,6.44,1.1,0.0,,0.93,3.9,1.69,0.59,1.02,0.0,,,,,,,3.64,,45.3,0.08,,,0.68,3.73,1.95,1.02,0.17,0.25,0.34,0.0,0.51,0.17,0.17,0.0,0.0,0.17,0.0,2.54,1.53,1.86,0.68,0.0,1.19,2.29,51.9,1.1,,,,,,,0.76,0.08,,0.68,1.1,3.64,1.44,0.0,66.7,1.69,17.6,31.4,18.1,2.46,66.7,,,,,,36.2,175.0,97.0,1.61,1.27,0.93,1.78,0.42,,45.7,,5.93,0.25,0.08,0.0,1.27,1.53,0.0,3.9,1.53,0.0,0.0,0.0,4.24,0.51,0.34,60.0,2022-11-11,5000000.0,1.95,0.51,26.1,1.02,52.2
579,Marco D'Alessandro,ITA,DFFW,Monza,Serie A,31.0,1991,8,3,290,3.2,0.0,1.25,0.31,25.0,0.0,0.0,16.1,0.0,0.0,0.0,24.7,35.9,68.7,369.4,94.4,15.6,17.8,87.7,7.19,11.3,63.9,1.25,2.81,44.4,0.0,0.94,1.25,0.0,0.0,0.94,35.9,31.3,4.38,0.63,0.0,,0.0,4.06,0.0,0.0,0.0,0.0,,,,,,,3.75,,24.7,0.31,,,0.94,2.5,2.19,0.0,0.0,0.0,0.31,0.0,0.31,0.31,0.0,0.0,0.0,0.0,0.0,1.25,1.25,0.94,0.31,0.0,0.63,1.25,50.0,0.63,,,,,,,0.63,0.0,,0.63,0.31,1.56,0.94,0.0,44.1,0.31,11.6,17.2,16.3,3.13,44.1,,,,,,25.0,222.8,102.8,4.38,1.25,1.56,1.25,1.56,,27.8,,5.94,0.63,0.0,0.0,1.88,2.81,0.31,4.06,1.25,0.0,0.0,0.0,5.94,0.63,0.63,50.0,2022-11-11,900000.0,1.56,0.31,20.0,0.94,60.0
704,Moussa Djenepo,MLI,DFFW,Southampton,Premier League,24.0,1998,12,6,578,6.4,0.0,0.47,0.31,66.7,0.0,0.0,13.8,0.0,0.0,0.0,24.5,33.3,73.7,363.0,108.8,14.1,15.9,88.2,8.28,11.6,71.6,1.25,2.97,42.1,0.16,0.94,1.88,0.78,0.47,2.66,33.3,29.2,3.91,0.47,0.0,,0.31,1.88,0.0,0.0,0.0,0.0,,,,,,,3.44,,24.5,0.16,,,1.41,2.03,1.41,0.0,0.16,0.16,0.31,0.0,0.31,0.16,0.0,0.16,0.0,0.0,0.0,2.66,1.41,1.72,0.78,0.16,1.41,3.13,45.0,1.72,,,,,,,1.88,0.31,,1.56,1.72,4.38,0.94,0.0,47.5,2.03,12.7,21.9,13.6,1.72,47.5,,,,,,26.4,195.3,103.9,3.59,1.56,0.31,1.88,0.63,,24.2,,5.0,0.0,0.0,0.0,0.94,2.34,0.0,1.88,1.41,0.0,0.0,0.0,7.5,0.47,1.25,27.3,2022-11-03,10000000.0,4.69,2.03,43.3,2.03,43.3
737,Souleyman Doumbia,CIV,DFFW,Angers,Ligue 1,26.0,1996,18,18,1479,16.4,0.0,0.24,0.12,50.0,0.0,0.0,16.5,0.0,0.0,0.0,38.2,47.4,80.5,572.4,197.3,21.6,24.4,88.5,13.4,16.8,80.0,2.01,4.21,47.8,0.0,0.61,2.5,0.67,0.49,2.74,47.4,38.4,9.09,0.98,0.0,,0.0,2.32,0.18,0.18,0.0,0.0,,,,,,,7.93,,38.2,0.0,,,0.98,1.46,1.16,0.0,0.12,0.0,0.12,0.06,0.0,0.0,0.0,0.0,0.0,0.0,0.0,2.2,1.46,1.59,0.55,0.06,0.79,1.52,52.0,0.73,,,,,,,1.04,0.12,,0.91,1.16,3.35,1.59,0.06,58.2,2.87,17.7,29.3,12.4,0.73,58.2,,,,,,38.5,245.9,126.4,2.38,2.01,0.3,1.16,0.12,,34.0,,4.15,0.12,0.06,0.0,1.34,0.98,0.18,2.32,1.46,0.0,0.0,0.0,6.4,0.85,0.73,53.8,2022-11-02,3000000.0,3.29,1.04,31.5,1.77,53.7
860,Kilian Fischer,GER,DFFW,Wolfsburg,Bundesliga,22.0,2000,3,1,114,1.3,0.0,0.0,0.0,0.0,0.0,0.0,0.0,0.0,0.0,0.0,31.5,43.1,73.2,549.2,353.8,14.6,16.9,86.4,14.6,20.0,73.1,2.31,5.38,42.9,0.0,0.0,3.08,0.0,0.0,4.62,43.1,33.1,10.0,0.0,0.0,,0.0,1.54,0.0,0.0,0.0,0.0,,,,,,,10.0,,31.5,0.0,,,1.54,0.0,0.0,0.0,0.0,0.0,0.0,0.0,0.0,0.0,0.0,0.0,0.0,0.0,0.0,0.77,0.0,0.0,0.77,0.0,0.0,0.77,0.0,0.77,,,,,,,1.54,0.0,,1.54,1.54,2.31,1.54,0.0,50.0,1.54,18.5,20.8,10.8,0.0,50.0,,,,,,20.0,80.0,30.8,0.77,0.0,0.0,0.0,0.0,,24.6,,0.77,0.77,0.0,0.0,1.54,1.54,0.0,1.54,0.0,0.0,0.0,0.0,3.08,0.77,1.54,33.3,2023-03-29,2000000.0,0.77,0.77,100.0,0.0,0.0
883,Raphael Framberger,GER,DFFW,Augsburg,Bundesliga,27.0,1995,3,2,176,2.0,0.0,0.0,0.0,0.0,0.0,0.0,0.0,0.0,0.0,0.0,16.5,32.0,51.6,202.0,145.5,11.0,13.5,81.5,4.5,9.5,47.4,0.0,5.0,0.0,0.0,0.5,1.0,0.5,0.0,1.5,32.0,22.0,10.0,0.0,0.0,,0.0,2.0,0.0,0.0,0.0,0.0,,,,,,,10.0,,16.5,0.0,,,1.5,0.5,0.5,0.0,0.0,0.0,0.0,0.0,0.0,0.0,0.0,0.0,0.0,0.0,0.0,5.0,3.0,3.0,2.0,0.0,1.5,2.5,60.0,1.0,,,,,,,1.0,0.5,,0.5,1.0,6.0,2.5,0.0,44.0,4.0,16.0,18.5,10.5,0.0,44.0,,,,,,13.0,57.0,27.0,0.0,0.0,0.0,1.5,1.5,,16.0,,1.5,0.0,0.0,0.0,2.0,0.0,0.0,2.0,3.0,0.0,0.0,0.0,4.0,2.5,1.0,71.4,2022-11-09,1000000.0,0.5,0.0,0.0,0.5,100.0
1043,Manuel Gulde,GER,DFFW,Freiburg,Bundesliga,32.0,1991,7,2,141,1.6,0.0,0.0,0.0,0.0,0.0,0.0,0.0,0.0,0.0,0.0,46.3,55.0,84.1,890.0,236.9,16.9,18.8,90.0,24.4,25.0,97.5,5.0,10.0,50.0,0.0,0.0,3.13,0.0,0.0,3.13,55.0,54.4,0.63,0.0,0.0,,0.0,0.0,0.0,0.0,0.0,0.0,,,,,,,0.0,,46.3,0.0,,,0.0,0.0,0.0,0.0,0.0,0.0,0.0,0.0,0.0,0.0,0.0,0.0,0.0,0.0,0.0,0.63,0.0,0.63,0.0,0.0,0.0,0.0,0.0,0.0,,,,,,,0.0,0.0,,0.0,1.88,2.5,3.75,0.0,61.3,5.0,28.8,30.6,1.88,0.63,61.3,,,,,,38.8,170.6,95.0,1.25,0.0,0.0,0.0,0.63,,45.0,,0.63,0.0,0.0,0.0,2.5,0.63,0.0,0.0,0.0,0.0,0.0,0.0,3.13,1.88,3.75,33.3,2022-11-09,1700000.0,0.0,0.0,0.0,0.0,0.0
1134,Jannes Horn,GER,DFFW,Bochum,Bundesliga,26.0,1997,2,1,59,0.7,0.0,0.0,0.0,0.0,0.0,0.0,0.0,0.0,0.0,0.0,21.4,27.1,78.9,301.4,171.4,8.57,10.0,85.7,8.57,10.0,85.7,0.0,0.0,0.0,0.0,0.0,0.0,0.0,0.0,0.0,27.1,24.3,2.86,0.0,0.0,,0.0,0.0,0.0,0.0,0.0,0.0,,,,,,,2.86,,21.4,0.0,,,2.86,0.0,0.0,0.0,0.0,0.0,0.0,0.0,0.0,0.0,0.0,0.0,0.0,0.0,0.0,2.86,1.43,1.43,1.43,0.0,1.43,1.43,100.0,0.0,,,,,,,1.43,0.0,,1.43,4.29,7.14,2.86,0.0,38.6,4.29,31.4,4.29,2.86,0.0,38.6,,,,,,15.7,70.0,22.9,0.0,0.0,0.0,0.0,0.0,,17.1,,0.0,1.43,0.0,0.0,1.43,0.0,0.0,0.0,1.43,0.0,1.43,0.0,2.86,0.0,0.0,0.0,2023-03-31,1200000.0,0.0,0.0,0.0,0.0,0.0
1230,Anthony Jung,GER,DFFW,Werder Bremen,Bundesliga,31.0,1991,20,19,1546,17.2,2.0,0.76,0.29,38.5,0.15,0.4,15.2,0.0,0.0,0.0,39.3,50.6,77.7,618.3,192.1,20.3,23.0,88.6,15.1,18.8,80.2,2.56,5.17,49.4,0.12,0.76,2.03,0.81,0.41,2.33,50.6,43.4,7.09,0.23,0.0,,0.0,1.51,0.0,0.0,0.0,0.0,,,,,,,6.86,,39.3,0.12,,,1.05,1.4,1.28,0.06,0.06,0.0,0.0,0.0,0.17,0.17,0.0,0.0,0.0,0.0,0.0,1.74,1.1,0.7,0.64,0.41,1.16,1.69,69.0,0.52,,,,,,,0.93,0.17,,0.76,0.7,2.44,2.03,0.0,60.1,3.02,19.7,28.0,12.9,1.34,60.1,,,,,,31.5,139.1,60.5,0.93,0.81,0.0,1.05,0.64,,36.4,,3.66,0.0,0.0,0.0,0.76,0.76,0.06,1.51,1.1,0.0,0.0,0.0,5.7,0.99,1.16,45.9,2023-03-29,1500000.0,0.7,0.35,50.0,0.35,50.0
1379,Yasser Larouci,ALG,DFFW,Troyes,Ligue 1,22.0,2001,19,13,1150,12.8,1.0,0.55,0.23,42.9,0.14,0.33,19.3,0.0,0.0,0.0,32.7,42.6,76.9,482.6,169.2,18.0,20.9,86.1,12.1,15.7,77.1,1.17,3.13,37.5,0.0,0.78,2.27,1.09,0.55,3.36,42.6,34.8,7.58,0.55,0.31,,0.0,2.66,0.0,0.0,0.0,0.0,,,,,,,6.95,,32.7,0.23,,,1.09,1.8,1.17,0.0,0.08,0.16,0.31,0.08,0.0,0.0,0.0,0.0,0.0,0.0,0.0,1.02,0.63,0.63,0.31,0.08,0.47,0.63,75.0,0.16,,,,,,,0.78,0.08,,0.7,1.33,2.34,1.88,0.0,54.1,2.97,15.4,24.9,15.0,1.33,54.1,,,,,,39.5,286.3,141.6,4.06,2.97,0.78,2.11,2.19,,33.9,,6.41,0.08,0.0,0.0,0.86,1.33,0.0,2.66,0.63,0.0,0.0,0.08,7.03,1.09,0.39,73.7,2023-03-27,3500000.0,4.14,1.64,39.6,2.03,49.1
1540,Faitout Maouassa,FRA,DFFW,Montpellier,Ligue 1,24.0,1998,20,14,1191,13.2,1.0,1.14,0.38,33.3,0.07,0.2,23.0,0.08,0.0,0.0,24.2,35.3,68.5,389.3,159.7,14.1,17.3,81.6,6.89,9.39,73.4,2.35,5.83,40.3,0.3,1.29,1.44,0.83,0.45,2.58,35.3,27.0,7.95,0.38,0.08,,0.38,3.94,0.91,0.45,0.3,0.0,,,,,,,6.67,,24.2,0.3,,,1.44,2.2,1.59,0.3,0.08,0.15,0.0,0.08,0.38,0.38,0.0,0.0,0.0,0.0,0.0,2.42,1.59,1.21,0.98,0.23,0.83,1.59,52.4,0.76,,,,,,,1.67,0.15,,1.52,0.98,3.41,1.44,0.0,48.0,1.82,12.5,20.3,16.1,1.44,48.0,,,,,,28.0,171.8,82.7,1.74,1.97,0.45,1.59,0.98,,25.2,,4.24,0.0,0.0,0.0,1.44,1.21,0.0,3.94,1.59,0.0,0.0,0.0,4.24,0.53,0.53,50.0,2022-11-02,5000000.0,2.42,0.76,31.3,1.36,56.3
1609,Kevin Mbabu,SUI,DFFW,Fulham,Premier League,27.0,1995,6,1,144,1.6,0.0,0.0,0.0,0.0,0.0,0.0,0.0,0.0,0.0,0.0,42.5,58.8,72.3,656.9,239.4,25.0,26.9,93.0,15.0,21.9,68.6,2.5,5.63,44.4,0.63,1.25,2.5,3.13,1.88,5.0,58.8,44.4,14.4,0.0,0.0,,0.63,4.38,0.0,0.0,0.0,0.0,,,,,,,14.4,,42.5,0.0,,,1.25,1.88,1.25,0.0,0.63,0.0,0.0,0.0,0.63,0.63,0.0,0.0,0.0,0.0,0.0,1.88,1.25,1.25,0.63,0.0,0.63,1.88,33.3,1.25,,,,,,,1.25,0.0,,1.25,1.88,3.75,1.88,0.0,71.3,2.5,23.8,25.0,23.8,0.0,71.3,,,,,,35.6,170.6,99.4,2.5,1.25,0.0,0.63,1.25,,36.9,,6.88,0.63,0.0,0.0,2.5,0.0,0.0,4.38,1.25,0.0,0.0,0.0,3.75,1.25,3.75,25.0,2023-03-28,5000000.0,3.75,2.5,66.7,1.25,33.3
1709,Alberto Moreno,ESP,DFFW,Villarreal,La Liga,30.0,1992,10,7,606,6.7,0.0,1.04,0.15,14.3,0.0,0.0,22.8,0.15,0.0,0.0,40.9,50.9,80.4,665.2,183.3,19.9,21.8,91.1,18.1,20.7,87.1,1.79,4.63,38.7,0.0,1.04,1.34,1.49,0.3,2.84,50.9,42.4,8.21,1.19,0.0,,0.45,2.99,0.9,0.3,0.45,0.0,,,,,,,6.12,,40.9,0.3,,,1.04,1.94,1.64,0.3,0.0,0.0,0.0,0.0,0.0,0.0,0.0,0.0,0.0,0.0,0.0,1.49,0.3,0.3,0.9,0.3,0.75,1.94,38.5,1.19,,,,,,,1.34,0.15,,1.19,1.79,3.28,1.94,0.0,62.1,2.39,16.9,23.3,22.2,1.34,62.1,,,,,,34.0,176.7,93.3,2.09,2.09,0.3,1.04,0.3,,38.5,,5.67,0.6,0.0,0.0,1.79,0.75,0.15,2.99,0.3,0.0,0.0,0.0,4.18,1.04,0.9,53.8,2022-12-29,150000.0,1.34,0.3,22.2,0.75,55.6
1777,Luca Netz,GER,DFFW,M'Gladbach,Bundesliga,19.0,2003,8,1,144,1.6,0.0,0.0,0.0,0.0,0.0,0.0,0.0,0.0,0.0,0.0,26.3,36.3,72.4,391.3,124.4,12.5,13.1,95.2,11.9,16.9,70.4,0.63,3.75,16.7,0.63,0.63,0.0,0.0,0.0,0.63,36.3,26.9,9.38,1.88,0.0,,0.0,0.63,0.0,0.0,0.0,0.0,,,,,,,7.5,,26.3,0.0,,,1.25,0.63,0.63,0.0,0.0,0.0,0.0,0.0,0.63,0.63,0.0,0.0,0.0,0.0,0.0,5.0,2.5,3.75,1.25,0.0,3.75,4.38,85.7,0.63,,,,,,,0.0,0.0,,0.0,0.63,5.63,7.5,0.0,51.9,7.5,23.8,22.5,6.25,0.63,51.9,,,,,,17.5,65.0,34.4,1.88,0.63,0.63,0.63,0.63,,22.5,,1.25,0.0,0.0,0.0,1.88,0.0,0.0,0.63,2.5,0.0,0.0,0.0,5.0,0.63,1.25,33.3,2022-11-09,6500000.0,0.63,0.0,0.0,0.63,100.0
1803,Hugo Novoa,ESP,DFFW,RB Leipzig,Bundesliga,20.0,2003,7,2,184,2.0,1.0,1.5,1.0,66.7,0.33,0.5,13.2,0.0,0.0,0.0,38.5,54.0,71.3,532.0,137.5,24.0,26.5,90.6,11.5,16.5,69.7,1.0,3.5,28.6,0.0,1.0,0.5,0.0,0.0,2.0,54.0,43.5,10.5,1.0,0.0,,0.5,5.0,0.0,0.0,0.0,0.0,,,,,,,9.5,,38.5,0.0,,,3.0,1.0,1.0,0.0,0.0,0.0,0.0,0.0,0.0,0.0,0.0,0.0,0.0,0.0,0.0,4.0,1.0,0.5,1.5,2.0,2.0,3.5,57.1,1.5,,,,,,,2.0,0.0,,2.0,0.5,4.5,0.0,0.0,67.5,0.5,10.5,29.0,29.0,5.5,67.5,,,,,,35.5,230.0,62.0,2.5,0.5,1.5,0.5,3.5,,43.0,,10.0,0.0,0.0,0.0,3.0,1.0,2.0,5.0,1.0,0.0,0.0,0.0,2.0,1.5,2.0,42.9,2022-11-09,5000000.0,5.0,2.5,50.0,2.0,40.0
2050,David Raum,GER,DFFW,RB Leipzig,Bundesliga,24.0,1998,19,14,1183,13.1,0.0,0.69,0.15,22.2,0.0,0.0,25.2,0.0,0.0,0.0,43.0,58.5,73.4,716.9,218.1,22.1,24.8,89.2,16.0,20.7,77.5,3.82,9.54,40.0,0.08,1.53,2.21,1.22,0.76,3.05,58.5,46.9,11.6,0.99,0.23,,0.23,7.63,2.67,0.99,1.53,0.0,,,,,,,7.94,,43.0,0.08,,,2.21,2.67,1.3,0.99,0.23,0.08,0.08,0.0,0.15,0.08,0.08,0.0,0.0,0.0,0.0,2.37,1.37,1.45,0.69,0.23,0.92,1.53,60.0,0.61,,,,,,,1.37,0.38,,0.99,1.07,3.44,1.37,0.08,68.8,2.29,18.1,27.9,23.4,1.53,68.8,,,,,,35.0,155.7,86.0,2.21,0.92,0.53,0.99,0.61,,41.6,,6.72,0.15,0.0,0.0,1.22,0.99,0.08,7.63,1.37,0.0,0.08,0.0,5.19,0.84,0.69,55.0,2023-03-29,20000000.0,1.91,0.38,20.0,1.3,68.0
2139,Aitor Ruibal,ESP,DFFW,Betis,La Liga,26.0,1996,17,8,827,9.2,0.0,0.98,0.22,22.2,0.0,0.0,19.9,0.0,0.0,0.0,36.0,46.2,77.9,589.7,210.4,19.2,21.5,89.4,11.5,15.1,76.3,3.59,6.2,57.9,0.0,1.09,3.04,0.65,0.33,3.37,46.2,38.9,7.28,0.76,0.11,,0.76,1.2,0.0,0.0,0.0,0.0,,,,,,,6.52,,36.0,0.0,,,0.98,2.5,2.07,0.0,0.11,0.22,0.11,0.0,0.11,0.11,0.0,0.0,0.0,0.0,0.0,2.93,1.52,2.39,0.33,0.22,1.52,2.72,56.0,1.2,,,,,,,0.87,0.11,,0.76,1.74,4.67,2.93,0.0,62.0,2.61,20.3,26.7,16.0,1.41,62.0,,,,,,29.2,154.0,93.2,2.28,1.41,0.33,1.74,0.87,,34.0,,2.83,0.33,0.0,0.0,1.74,0.98,0.22,1.2,1.52,0.0,0.0,0.0,5.76,0.65,0.98,40.0,2022-11-07,5000000.0,3.7,1.63,44.1,2.07,55.9
2333,Arnaud Souquet,FRA,DFFW,Montpellier,Ligue 1,31.0,1992,12,3,361,4.0,0.0,0.25,0.0,0.0,0.0,0.0,20.7,0.0,0.0,0.0,26.0,34.3,75.9,377.3,172.5,16.3,18.8,86.7,7.25,10.0,72.5,1.0,2.5,40.0,0.0,0.75,1.75,0.25,0.25,2.5,34.3,27.8,6.5,0.75,0.25,,0.0,1.75,0.0,0.0,0.0,0.0,,,,,,,5.75,,26.0,0.0,,,0.25,1.25,1.25,0.0,0.0,0.0,0.0,0.0,0.0,0.0,0.0,0.0,0.0,0.0,0.0,5.5,4.0,3.25,1.75,0.5,2.75,3.5,78.6,0.75,,,,,,,2.0,0.75,,1.25,1.0,6.5,1.0,0.0,46.3,4.25,14.3,23.3,9.25,0.75,46.3,,,,,,24.5,133.0,61.3,1.25,0.25,0.0,1.25,0.25,,21.5,,3.5,0.25,0.0,0.0,1.75,1.75,0.25,1.75,4.0,0.0,0.25,0.0,6.75,2.25,2.5,47.4,2022-11-02,2000000.0,1.75,0.5,28.6,1.0,57.1
2506,Emanuele Valeri,ITA,DFFW,Cremonese,Serie A,24.0,1998,20,18,1490,16.6,1.0,1.39,0.18,13.0,0.04,0.33,21.1,0.12,0.0,0.0,21.0,37.0,56.7,388.9,189.0,9.04,11.4,79.4,8.49,14.5,58.5,2.77,7.47,37.1,0.06,1.45,1.99,1.81,0.96,2.95,37.0,26.8,9.76,0.78,0.12,,0.54,4.76,0.66,0.0,0.66,0.0,,,,,,,8.31,,21.0,0.48,,,1.63,2.71,1.69,0.6,0.06,0.0,0.3,0.06,0.12,0.06,0.06,0.0,0.0,0.0,0.0,1.75,0.72,0.96,0.72,0.06,0.9,1.93,46.9,1.02,,,,,,,0.36,0.12,,0.24,0.72,2.47,1.63,0.0,48.1,2.29,12.2,17.6,19.6,2.11,48.1,,,,,,22.2,169.6,96.0,3.55,1.93,0.54,1.81,0.78,,23.1,,4.64,0.12,0.0,0.0,1.02,1.14,0.12,4.76,0.72,0.0,0.0,0.0,6.02,0.54,1.02,34.6,2023-03-21,3500000.0,1.99,0.36,18.2,1.27,63.6
2591,Timothy Weah,USA,DFFW,Lille,Ligue 1,22.0,2000,13,6,646,7.2,0.0,2.08,1.11,53.3,0.0,0.0,20.1,0.0,0.0,0.0,37.8,47.1,80.2,592.5,177.2,18.9,21.9,86.1,14.3,16.7,85.8,2.64,4.17,63.3,0.28,1.11,2.64,1.81,0.83,3.06,47.1,42.4,4.31,0.42,0.0,,0.28,2.5,0.14,0.0,0.0,0.0,,,,,,,3.75,,37.8,0.42,,,1.53,2.92,2.36,0.0,0.14,0.28,0.14,0.0,0.42,0.28,0.0,0.0,0.14,0.0,0.0,1.25,0.69,0.28,0.83,0.14,0.56,1.25,44.4,0.69,,,,,,,1.11,0.0,,1.11,1.25,2.5,0.56,0.0,57.1,0.83,9.44,25.0,23.1,2.92,57.1,,,,,,43.2,283.8,116.3,2.92,2.36,1.11,1.94,0.83,,41.7,,8.89,0.14,0.0,0.0,0.97,0.83,0.28,2.5,0.69,0.0,0.0,0.0,3.89,0.69,1.39,33.3,2022-11-02,12000000.0,1.94,0.83,42.9,0.69,35.7
2596,Mitchell Weiser,GER,DFFW,Werder Bremen,Bundesliga,28.0,1994,19,19,1636,18.2,1.0,1.04,0.38,36.8,0.05,0.14,17.3,0.0,0.0,0.0,33.7,46.7,72.1,556.9,250.9,17.6,20.9,84.0,12.1,16.6,73.2,3.02,5.44,55.6,0.38,1.32,3.52,1.54,0.38,4.62,46.7,35.9,10.7,0.27,0.33,,0.44,2.25,0.0,0.0,0.0,0.0,,,,,,,10.4,,33.7,0.16,,,1.76,2.97,2.31,0.16,0.11,0.11,0.27,0.0,0.66,0.49,0.05,0.0,0.05,0.05,0.0,2.75,1.7,1.32,1.1,0.33,1.21,2.31,52.4,1.1,,,,,,,1.81,0.16,,1.65,1.32,4.07,1.37,0.0,64.2,2.14,13.4,31.3,20.7,2.58,64.2,,,,,,31.8,145.2,62.5,1.54,1.48,0.49,3.52,1.48,,34.2,,5.77,0.27,0.0,0.0,1.26,2.2,0.11,2.25,1.7,0.05,0.0,0.0,7.03,0.99,1.1,47.4,2023-03-29,5500000.0,4.12,1.1,26.7,2.25,54.7
2624,Marius Wolf,GER,DFFW,Dortmund,Bundesliga,27.0,1995,13,7,691,7.7,1.0,1.43,0.52,36.4,0.09,0.25,19.3,0.0,0.0,0.0,40.5,54.0,75.0,651.8,249.1,20.3,23.4,86.7,15.5,19.4,79.9,3.38,6.75,50.0,0.13,1.3,3.12,1.82,0.91,4.16,54.0,45.6,8.44,1.04,0.0,,0.65,3.64,0.0,0.0,0.0,0.0,,,,,,,7.4,,40.5,0.0,,,2.08,2.34,1.82,0.0,0.26,0.0,0.13,0.13,0.39,0.26,0.0,0.13,0.0,0.0,0.0,1.17,0.78,0.39,0.39,0.39,0.65,0.91,71.4,0.26,,,,,,,2.47,0.78,,1.69,1.3,2.47,1.43,0.0,66.0,2.21,17.0,28.3,22.2,2.99,66.0,,,,,,37.5,196.6,109.0,3.38,2.99,0.65,1.82,0.65,,42.1,,9.09,0.13,0.0,0.0,0.91,1.56,0.39,3.64,0.78,0.0,0.0,0.0,5.32,0.65,0.26,71.4,2023-03-29,9000000.0,2.73,1.56,57.1,0.78,28.6
