Rk,Player,Nation,Pos,Squad,Comp,Age,Born,MP,Starts,Min,90s,Goals,Shots,SoT,SoT%,G/Sh,G/SoT,ShoDist,ShoFK,ShoPK,PKatt,PasTotCmp,PasTotAtt,PasTotCmp%,PasTotDist,PasTotPrgDist,PasShoCmp,PasShoAtt,PasShoCmp%,PasMedCmp,PasMedAtt,PasMedCmp%,PasLonCmp,PasLonAtt,PasLonCmp%,Assists,PasAss,Pas3rd,PPA,CrsPA,PasProg,PasAtt,PasLive,PasDead,PasFK,TB,Sw,PasCrs,CK,CkIn,CkOut,CkStr,TI,PasCmp,PasOff,PasBlocks,SCA,ScaPassLive,ScaPassDead,ScaDrib,ScaSh,ScaFld,ScaDef,GCA,GcaPassLive,GcaPassDead,GcaDrib,GcaSh,GcaFld,GcaDef,Tkl,TklWon,TklDef3rd,TklMid3rd,TklAtt3rd,TklDri,TklDriAtt,TklDri%,TklDriPast,Blocks,BlkSh,BlkPass,Int,Tkl+Int,Clr,Err,Touches,TouDefPen,TouDef3rd,TouMid3rd,TouAtt3rd,TouAttPen,TouLive,Carries,CarTotDist,CarPrgDist,CarProg,Car3rd,CPA,CarMis,CarDis,Rec,RecProg,CrdY,CrdR,2CrdY,Fls,Fld,Off,Crs,TklW,PKwon,PKcon,OG,Recov,AerWon,AerLost,AerWon%,date,Valuation
88,Ethan Ampadu,WAL,MFDF,Venezia,Serie A,21.0,2000,29,26,2282,25.4,0.0,0.28,0.04,14.3,0.0,0.0,18.5,0.0,0.0,0.0,34.1,45.4,75.0,687.5,260.1,12.4,15.0,82.9,15.8,18.8,83.9,5.39,10.1,53.3,0.12,0.55,3.15,0.51,0.2,3.74,45.4,40.9,4.53,1.57,0.08,0.98,0.75,0.0,0.0,0.0,0.0,2.87,34.1,0.24,0.98,1.42,1.34,0.04,0.04,0.0,0.0,0.0,0.2,0.2,0.0,0.0,0.0,0.0,0.0,2.99,1.69,1.73,0.98,0.28,0.79,1.77,44.4,0.98,2.4,0.83,1.57,2.17,5.16,2.99,0.0,57.0,5.51,23.6,28.5,7.87,0.51,52.8,29.4,162.4,83.7,2.8,0.98,0.16,0.35,0.67,30.1,0.63,0.51,0.08,0.04,2.13,1.26,0.0,0.75,1.69,0.0,0.0,0.0,10.4,2.68,1.5,64.2,2021-12-28,15000000.0
127,Santiago Arzamendia,PAR,MFDF,Cádiz,La Liga,24.0,1998,14,5,469,5.2,0.19,1.15,0.19,16.7,0.17,1.0,35.6,0.0,0.0,0.0,21.0,32.7,64.1,346.3,99.2,9.81,12.1,81.0,8.27,11.2,74.1,1.73,7.12,24.3,0.0,0.19,0.77,0.77,0.58,0.96,32.7,28.3,4.42,0.77,0.0,1.54,2.5,0.96,0.38,0.38,0.19,2.69,21.0,0.77,0.96,0.77,0.58,0.19,0.0,0.0,0.0,0.0,0.0,0.0,0.0,0.0,0.0,0.0,0.0,2.69,2.31,1.73,0.77,0.19,1.35,3.08,43.8,1.73,1.73,0.0,1.73,1.54,4.23,2.88,0.0,45.8,2.88,15.2,18.8,14.8,0.58,41.7,25.2,118.3,68.5,2.31,1.15,0.0,1.54,1.54,23.7,2.31,0.38,0.0,0.0,1.54,1.54,0.19,2.5,2.31,0.0,0.0,0.0,8.46,3.65,2.88,55.9,2022-03-21,2000000.0
226,Simone Bastoni,ITA,MFDF,Spezia,Serie A,25.0,1996,31,26,2288,25.4,0.12,1.1,0.24,21.4,0.11,0.5,22.8,0.0,0.0,0.0,35.0,47.6,73.4,657.4,269.6,15.8,18.1,87.2,13.3,16.5,81.1,4.92,10.5,47.0,0.12,1.77,3.23,1.18,0.51,3.62,47.6,39.8,7.8,2.28,0.04,2.17,2.32,1.46,0.51,0.79,0.0,4.06,35.0,0.28,1.81,2.87,1.81,0.75,0.08,0.08,0.08,0.08,0.2,0.12,0.04,0.0,0.04,0.0,0.0,2.36,1.42,1.14,0.87,0.35,0.98,2.2,44.6,1.22,2.05,0.43,1.61,2.24,4.61,1.18,0.0,60.3,2.68,16.6,29.7,18.4,1.5,52.8,37.2,203.6,111.7,4.96,1.61,0.31,1.34,1.57,34.8,2.6,0.2,0.04,0.0,1.69,1.61,0.04,2.32,1.42,0.0,0.0,0.0,8.82,1.06,0.75,58.7,2021-12-28,5000000.0
440,Mahdi Camara,FRA,MFDF,Saint-Étienne,Ligue 1,23.0,1998,35,34,3073,34.1,0.09,0.85,0.44,51.7,0.1,0.2,17.7,0.0,0.0,0.0,37.5,44.6,84.1,598.8,161.4,19.4,21.5,90.1,14.0,16.0,87.0,2.76,4.52,61.0,0.0,0.91,2.93,0.32,0.15,2.35,44.6,41.5,3.05,0.67,0.06,0.62,0.85,0.0,0.0,0.0,0.0,2.2,37.5,0.06,0.94,2.05,1.41,0.18,0.18,0.03,0.21,0.06,0.15,0.09,0.0,0.0,0.0,0.06,0.0,2.99,1.73,1.14,1.52,0.32,0.82,1.99,41.2,1.17,1.64,0.32,1.32,2.02,5.01,1.23,0.03,56.7,1.82,14.7,33.1,13.2,1.26,53.7,36.6,180.2,98.7,4.43,1.55,0.12,0.85,1.17,35.6,1.5,0.23,0.0,0.0,1.35,1.38,0.03,0.85,1.73,0.06,0.0,0.0,8.8,1.09,1.47,42.5,2022-05-30,6000000.0
450,Matteo Cancellieri,ITA,MFDF,Hellas Verona,Serie A,20.0,2002,12,1,227,2.5,0.4,1.6,0.4,25.0,0.25,1.0,20.4,0.0,0.0,0.0,18.8,27.2,69.1,277.6,90.8,12.0,14.8,81.1,4.4,8.0,55.0,2.4,3.2,75.0,0.0,1.6,2.0,1.2,0.0,1.6,27.2,24.0,3.2,0.4,0.0,0.4,2.4,0.0,0.0,0.0,0.0,2.8,18.8,0.0,1.6,3.2,2.4,0.4,0.4,0.0,0.0,0.0,0.0,0.0,0.0,0.0,0.0,0.0,0.0,2.0,1.6,1.2,0.4,0.4,0.4,2.0,20.0,1.6,1.2,0.0,1.2,1.2,3.2,0.0,0.0,40.0,0.4,4.8,18.4,20.8,3.6,36.8,29.6,194.4,108.4,4.8,1.6,0.8,3.6,1.6,25.2,2.8,0.4,0.0,0.0,3.6,1.2,0.4,2.4,1.6,0.0,0.0,0.0,7.2,2.8,5.2,35.0,2021-12-28,1000000.0
458,Pierrick Capelle,FRA,MFDF,Angers,Ligue 1,35.0,1987,30,12,1193,13.3,0.0,1.28,0.08,5.9,0.0,0.0,19.0,0.0,0.0,0.0,34.8,42.2,82.5,632.6,176.8,14.5,16.7,86.9,15.9,18.3,86.8,3.68,5.34,69.0,0.08,0.9,2.18,0.23,0.15,2.41,42.2,38.0,4.21,0.53,0.0,1.5,0.68,0.45,0.3,0.08,0.0,3.16,34.8,0.15,1.13,2.11,1.13,0.38,0.0,0.38,0.15,0.08,0.3,0.0,0.0,0.0,0.15,0.15,0.0,2.71,2.11,1.2,1.05,0.45,1.05,2.93,35.9,1.88,1.5,0.08,1.43,2.48,5.19,1.28,0.0,55.7,3.46,15.3,28.5,14.9,1.95,51.5,34.7,177.9,81.1,3.08,1.28,0.38,1.65,2.48,33.2,2.93,0.08,0.0,0.0,1.65,0.53,0.0,0.68,2.11,0.08,0.08,0.0,9.1,1.5,2.33,39.2,2022-05-30,500000.0
507,Nassim Chadli,FRA,MFDF,Troyes,Ligue 1,20.0,2001,8,1,96,1.1,0.0,1.82,0.0,0.0,0.0,0.0,21.9,0.0,0.0,0.0,24.5,39.1,62.8,382.7,107.3,13.6,16.4,83.3,8.18,13.6,60.0,2.73,7.27,37.5,0.0,0.91,2.73,0.0,0.0,1.82,39.1,31.8,7.27,1.82,0.0,1.82,2.73,0.91,0.91,0.0,0.0,4.55,24.5,0.0,2.73,2.73,1.82,0.0,0.0,0.0,0.91,0.0,0.0,0.0,0.0,0.0,0.0,0.0,0.0,2.73,2.73,1.82,0.0,0.91,1.82,2.73,66.7,0.91,1.82,0.0,1.82,2.73,5.45,0.91,0.0,68.2,0.0,18.2,19.1,40.0,3.64,60.9,46.4,196.4,150.0,7.27,4.55,0.91,4.55,6.36,40.0,6.36,0.91,0.0,0.0,3.64,1.82,0.0,2.73,2.73,0.0,0.0,0.0,10.0,1.82,1.82,50.0,2022-05-30,500000.0
517,Xavier Chavalerin,FRA,MFDF,Reims,Ligue 1,31.0,1991,3,2,220,2.4,0.0,1.25,0.0,0.0,0.0,0.0,19.0,0.0,0.0,0.0,33.3,40.8,81.6,618.3,201.3,15.4,17.1,90.2,12.1,14.6,82.9,4.17,6.25,66.7,0.0,1.25,0.83,1.25,0.42,2.5,40.8,35.8,5.0,1.25,0.0,2.5,2.08,0.0,0.0,0.0,0.0,3.75,33.3,0.0,1.25,2.08,2.08,0.0,0.0,0.0,0.0,0.0,0.0,0.0,0.0,0.0,0.0,0.0,0.0,1.67,0.83,0.83,0.42,0.42,0.42,1.25,33.3,0.83,0.83,0.0,0.83,2.92,4.58,1.67,0.42,48.8,3.33,14.2,24.6,14.2,2.5,43.8,24.2,125.4,48.3,1.25,1.67,0.0,0.0,0.42,28.3,1.67,0.0,0.0,0.0,1.25,0.0,0.0,2.08,0.83,0.0,0.0,0.0,7.92,0.83,2.08,28.6,2022-05-30,3500000.0
537,Riccardo Ciervo,ITA,MFDF,Sampdoria,Serie A,20.0,2002,10,1,227,2.5,0.0,1.2,0.4,33.3,0.0,0.0,22.3,0.0,0.0,0.0,20.8,29.2,71.2,396.4,90.4,7.6,10.0,76.0,8.8,12.0,73.3,3.2,4.8,66.7,0.4,1.6,1.6,0.4,0.4,1.2,29.2,27.2,2.0,0.4,0.0,1.2,3.6,0.4,0.4,0.0,0.0,1.2,20.8,0.4,2.0,3.2,2.4,0.0,0.4,0.4,0.0,0.0,0.0,0.0,0.0,0.0,0.0,0.0,0.0,2.8,2.0,1.2,1.2,0.4,0.4,2.0,20.0,1.6,0.8,0.0,0.8,2.0,4.8,0.8,0.0,38.0,0.8,7.6,16.0,18.4,3.2,36.0,26.0,228.4,130.8,7.2,2.0,0.8,0.8,1.2,23.6,4.8,0.0,0.0,0.0,1.2,0.4,0.0,3.6,2.0,0.0,0.0,0.0,5.6,0.0,1.2,0.0,2022-03-15,1500000.0
679,Fabio Depaoli,ITA,MFDF,Sampdoria,Serie A,25.0,1997,6,1,112,1.2,0.0,0.0,0.0,0.0,0.0,0.0,0.0,0.0,0.0,0.0,18.3,27.5,66.7,334.2,127.5,8.33,8.33,100.0,7.5,9.17,81.8,2.5,5.0,50.0,0.0,0.0,2.5,0.0,0.0,3.33,27.5,25.0,2.5,0.83,0.0,0.83,1.67,0.0,0.0,0.0,0.0,1.67,18.3,0.0,4.17,0.0,0.0,0.0,0.0,0.0,0.0,0.0,0.0,0.0,0.0,0.0,0.0,0.0,0.0,2.5,0.0,1.67,0.83,0.0,0.0,0.83,0.0,0.83,1.67,0.83,0.83,1.67,4.17,0.83,0.0,40.8,1.67,10.8,18.3,15.0,1.67,39.2,25.0,93.3,45.8,2.5,0.83,0.0,1.67,1.67,24.2,2.5,0.83,0.0,0.0,6.67,0.83,0.0,1.67,0.0,0.0,0.0,0.0,5.83,0.83,2.5,25.0,2021-12-28,2500000.0
864,Julien Faussurier,FRA,MFDF,Brest,Ligue 1,35.0,1987,16,4,489,5.4,0.0,0.74,0.56,75.0,0.0,0.0,15.9,0.0,0.0,0.0,36.9,49.3,74.8,710.6,261.7,17.8,20.0,88.9,11.9,16.1,73.6,6.3,10.4,60.7,0.19,2.22,1.48,2.41,1.3,5.19,49.3,40.6,8.7,0.37,0.0,2.59,5.56,0.93,0.19,0.37,0.0,7.41,36.9,0.37,1.85,3.33,2.59,0.56,0.19,0.0,0.0,0.0,0.19,0.0,0.19,0.0,0.0,0.0,0.0,1.85,1.48,0.74,0.74,0.37,1.11,3.15,35.3,2.04,2.78,0.19,2.59,2.04,3.89,1.3,0.0,61.3,2.04,12.4,25.2,28.3,3.7,52.6,34.6,193.9,121.5,5.74,3.33,0.37,1.3,1.48,36.9,5.56,0.19,0.0,0.0,1.11,1.3,0.93,5.56,1.48,0.0,0.0,0.0,7.04,0.74,1.11,40.0,2022-05-30,300000.0
883,Fernandinho,BRA,MFDF,Manchester City,Premier League,37.0,1985,19,10,964,10.7,0.19,1.68,0.28,16.7,0.11,0.67,16.4,0.0,0.0,0.0,68.2,75.3,90.6,1315.2,340.5,26.5,28.3,93.7,31.6,33.5,94.4,9.07,12.1,75.2,0.09,0.93,7.85,1.78,0.09,5.51,75.3,74.8,0.56,0.47,0.47,1.4,0.37,0.0,0.0,0.0,0.0,0.09,68.2,0.09,0.56,2.8,2.24,0.0,0.0,0.37,0.19,0.0,0.37,0.37,0.0,0.0,0.0,0.0,0.0,2.15,1.5,0.75,1.21,0.19,0.56,1.78,31.6,1.21,0.56,0.28,0.28,1.31,3.46,2.15,0.09,84.7,3.55,17.3,57.9,14.7,1.68,84.3,65.1,291.7,141.1,6.07,1.31,0.0,0.75,0.84,67.3,1.5,0.09,0.0,0.0,2.06,1.5,0.0,0.37,1.5,0.0,0.0,0.0,10.2,1.96,1.4,58.3,2022-04-21,1200000.0
884,Fernando,BRA,MFDF,Sevilla,La Liga,34.0,1987,24,21,1850,20.6,0.05,0.34,0.05,14.3,0.14,1.0,15.6,0.0,0.0,0.0,54.4,60.6,89.8,1203.0,253.1,16.4,17.6,93.1,26.6,28.1,94.8,11.0,13.7,80.5,0.05,0.24,3.16,0.24,0.0,2.48,60.6,58.7,1.84,1.65,0.0,3.2,0.1,0.0,0.0,0.0,0.0,0.19,54.4,0.19,0.68,1.12,1.02,0.05,0.05,0.0,0.0,0.0,0.15,0.1,0.05,0.0,0.0,0.0,0.0,1.41,1.12,0.83,0.49,0.1,0.49,1.8,27.0,1.31,1.7,0.63,1.07,2.04,3.45,2.23,0.0,68.9,6.31,26.4,39.3,7.52,0.58,67.2,46.0,194.4,96.0,2.67,1.07,0.0,0.53,0.39,48.2,0.87,0.29,0.0,0.0,0.92,0.63,0.05,0.1,1.12,0.0,0.0,0.0,10.3,2.04,2.18,48.3,2022-06-01,3200000.0
949,Luca Gagliano,ITA,MFDF,Cagliari,Serie A,21.0,2000,2,0,13,0.1,0.0,0.0,0.0,0.0,0.0,0.0,0.0,0.0,0.0,0.0,40.0,50.0,80.0,740.0,0.0,20.0,20.0,100.0,20.0,20.0,100.0,0.0,10.0,0.0,0.0,0.0,0.0,0.0,0.0,0.0,50.0,50.0,0.0,0.0,0.0,0.0,0.0,0.0,0.0,0.0,0.0,0.0,40.0,0.0,0.0,0.0,0.0,0.0,0.0,0.0,0.0,0.0,0.0,0.0,0.0,0.0,0.0,0.0,0.0,0.0,0.0,0.0,0.0,0.0,0.0,0.0,0.0,0.0,10.0,0.0,10.0,0.0,0.0,0.0,0.0,70.0,0.0,10.0,30.0,30.0,10.0,70.0,50.0,200.0,20.0,0.0,0.0,0.0,0.0,0.0,50.0,10.0,0.0,0.0,0.0,0.0,0.0,0.0,0.0,0.0,0.0,0.0,0.0,10.0,0.0,40.0,0.0,2021-12-22,250000.0
986,Yannick Gerhardt,GER,MFDF,Wolfsburg,Bundesliga,28.0,1994,27,17,1574,17.5,0.06,0.8,0.17,21.4,0.07,0.33,15.6,0.0,0.0,0.0,35.2,46.6,75.5,630.7,207.9,14.4,18.1,79.5,15.5,19.4,79.9,4.29,6.51,65.8,0.17,0.69,2.97,1.26,0.23,4.51,46.6,43.0,3.66,0.34,0.11,0.74,1.54,0.17,0.11,0.06,0.0,2.74,35.2,0.11,1.66,1.89,1.6,0.0,0.0,0.17,0.11,0.0,0.4,0.34,0.0,0.0,0.06,0.0,0.0,2.74,1.71,1.26,1.14,0.34,0.97,2.17,44.7,1.2,2.17,0.06,2.11,1.77,4.51,1.31,0.0,59.0,2.51,13.2,34.2,15.7,2.23,55.6,35.2,181.1,99.9,4.51,1.83,0.17,1.37,1.26,36.0,4.06,0.11,0.0,0.0,1.03,1.37,0.11,1.54,1.71,0.0,0.0,0.0,10.3,1.54,1.83,45.8,2022-03-24,5500000.0
1016,Edoardo Goldaniga,ITA,MFDF,Sassuolo,Serie A,28.0,1993,1,0,1,0.0,0.0,0.0,0.0,0.0,0.0,0.0,0.0,0.0,0.0,0.0,1.0,1.0,100.0,17.0,17.0,0.0,0.0,0.0,1.0,1.0,100.0,0.0,0.0,0.0,0.0,0.0,0.0,0.0,0.0,0.0,1.0,1.0,0.0,0.0,0.0,0.0,0.0,0.0,0.0,0.0,0.0,0.0,1.0,0.0,0.0,0.0,0.0,0.0,0.0,0.0,0.0,0.0,0.0,0.0,0.0,0.0,0.0,0.0,0.0,0.0,0.0,0.0,0.0,0.0,0.0,0.0,0.0,0.0,0.0,0.0,0.0,0.0,0.0,1.0,0.0,2.0,1.0,1.0,1.0,0.0,0.0,2.0,0.0,0.0,0.0,0.0,0.0,0.0,0.0,0.0,1.0,0.0,0.0,0.0,0.0,0.0,0.0,0.0,0.0,0.0,0.0,0.0,0.0,0.0,0.0,0.0,0.0,2021-12-28,1500000.0
1080,Nemanja Gudelj,SRB,MFDF,Sevilla,La Liga,30.0,1991,21,9,1046,11.6,0.0,0.34,0.17,50.0,0.0,0.0,25.7,0.09,0.0,0.0,51.8,57.7,89.8,1048.5,228.4,18.6,19.8,93.9,24.4,25.9,94.3,8.28,10.7,77.4,0.0,0.17,2.33,0.0,0.0,1.72,57.7,55.8,1.9,1.55,0.0,1.72,0.09,0.0,0.0,0.0,0.0,0.34,51.8,0.09,0.6,0.69,0.6,0.0,0.0,0.0,0.0,0.09,0.0,0.0,0.0,0.0,0.0,0.0,0.0,1.9,1.38,1.03,0.6,0.26,0.69,0.86,80.0,0.17,1.98,0.69,1.29,1.55,3.45,4.05,0.09,67.3,8.53,34.5,33.2,3.1,0.26,65.4,42.5,222.5,102.1,2.16,0.26,0.0,0.43,0.17,45.0,0.34,0.43,0.0,0.0,1.55,1.03,0.0,0.09,1.38,0.0,0.0,0.0,10.3,3.1,1.21,72.0,2021-12-30,4000000.0
1093,Josuha Guilavogui,FRA,MFDF,Bordeaux,Ligue 1,31.0,1990,15,15,1331,14.8,0.07,0.61,0.2,33.3,0.11,0.33,18.6,0.0,0.0,0.0,45.3,55.4,81.8,931.6,308.5,18.0,19.9,90.2,18.2,22.1,82.6,8.72,12.3,70.9,0.07,0.81,4.93,0.34,0.14,3.78,55.4,54.7,0.74,0.68,0.14,1.76,0.34,0.0,0.0,0.0,0.0,0.07,45.3,0.14,0.54,1.62,1.35,0.0,0.0,0.07,0.0,0.2,0.14,0.14,0.0,0.0,0.0,0.0,0.0,2.97,1.96,1.62,1.08,0.27,0.95,2.3,41.2,1.35,1.35,0.54,0.81,3.24,6.22,1.69,0.0,65.2,4.12,23.6,39.7,5.81,0.74,64.6,41.8,188.8,101.8,3.11,0.74,0.0,0.54,0.47,43.0,1.15,0.27,0.0,0.0,1.69,1.15,0.0,0.34,1.96,0.0,0.0,0.0,10.8,1.49,0.74,66.7,2022-05-30,3500000.0
1094,Josuha Guilavogui,FRA,MFDF,Wolfsburg,Bundesliga,31.0,1990,15,10,942,10.5,0.0,0.76,0.19,25.0,0.0,0.0,16.8,0.0,0.0,0.0,41.7,50.2,83.1,825.2,231.7,13.5,16.1,84.0,21.1,23.9,88.4,5.9,8.19,72.1,0.0,0.19,1.43,0.1,0.0,3.05,50.2,49.0,1.14,1.14,0.0,0.86,0.0,0.0,0.0,0.0,0.0,0.0,41.7,0.0,0.38,1.24,0.95,0.0,0.1,0.19,0.0,0.0,0.1,0.0,0.0,0.0,0.1,0.0,0.0,3.05,2.0,1.62,1.33,0.1,0.67,1.52,43.8,0.86,1.71,0.67,1.05,3.43,6.48,4.0,0.0,63.6,6.19,26.1,33.3,6.86,0.95,62.7,34.0,126.8,58.6,1.62,1.14,0.1,0.76,0.95,33.9,0.38,0.38,0.0,0.0,2.1,0.57,0.19,0.0,2.0,0.0,0.0,0.0,14.6,4.0,1.14,77.8,2022-05-30,3500000.0
1146,Isaac Hayden,ENG,MFDF,Newcastle Utd,Premier League,27.0,1995,14,12,1002,11.1,0.09,0.54,0.09,16.7,0.17,1.0,12.8,0.0,0.0,0.0,23.0,28.6,80.2,419.5,82.2,10.0,11.7,85.4,10.3,12.1,85.1,2.52,3.69,68.3,0.0,0.18,1.71,0.09,0.09,0.81,28.6,27.2,1.44,0.81,0.0,0.36,0.45,0.0,0.0,0.0,0.0,0.09,23.0,0.0,0.99,0.54,0.54,0.0,0.0,0.0,0.0,0.0,0.0,0.0,0.0,0.0,0.0,0.0,0.0,3.06,1.62,1.53,1.08,0.45,0.72,2.07,34.8,1.35,1.98,0.81,1.17,1.8,4.86,2.7,0.0,41.5,4.23,16.4,19.6,6.85,0.9,40.2,22.3,76.1,32.6,1.08,0.63,0.09,0.81,0.9,21.8,0.9,0.45,0.0,0.0,2.16,0.81,0.0,0.45,1.62,0.0,0.0,0.0,6.94,2.16,1.35,61.5,2021-12-23,10000000.0
1253,Alex Iwobi,NGA,MFDF,Everton,Premier League,26.0,1996,28,22,2035,22.6,0.09,1.06,0.27,25.0,0.08,0.33,16.4,0.0,0.0,0.0,26.8,34.7,77.2,448.5,161.5,13.9,15.8,88.0,8.98,11.5,78.4,2.88,5.27,54.6,0.09,1.55,2.57,1.68,0.53,3.5,34.7,32.4,2.35,0.09,0.27,0.49,1.33,0.0,0.0,0.0,0.0,2.04,26.8,0.18,1.06,2.74,2.57,0.09,0.0,0.04,0.0,0.04,0.27,0.27,0.0,0.0,0.0,0.0,0.0,2.04,1.24,1.06,0.66,0.31,0.88,2.08,42.6,1.19,1.99,0.18,1.81,1.77,3.81,1.02,0.0,46.5,1.9,10.2,19.3,20.3,3.27,44.2,33.1,177.6,102.0,4.78,1.42,0.84,1.37,1.46,29.5,3.81,0.04,0.0,0.0,0.93,0.44,0.13,1.33,1.24,0.0,0.04,0.0,6.55,0.4,1.59,20.0,2021-12-23,18000000.0
1273,Jason,ESP,MFDF,Valencia,La Liga,27.0,1994,5,1,75,0.8,0.0,2.5,0.0,0.0,0.0,0.0,23.3,0.0,0.0,0.0,30.0,38.8,77.4,668.8,305.0,10.0,11.3,88.9,12.5,13.8,90.9,7.5,12.5,60.0,0.0,2.5,5.0,3.75,0.0,8.75,38.8,33.8,5.0,1.25,0.0,3.75,3.75,1.25,0.0,0.0,0.0,2.5,30.0,0.0,1.25,6.25,2.5,2.5,0.0,0.0,1.25,0.0,0.0,0.0,0.0,0.0,0.0,0.0,0.0,2.5,1.25,1.25,0.0,1.25,0.0,3.75,0.0,3.75,2.5,0.0,2.5,2.5,5.0,2.5,0.0,62.5,1.25,16.3,21.3,32.5,3.75,58.8,37.5,337.5,218.8,6.25,3.75,0.0,2.5,3.75,36.3,8.75,2.5,0.0,0.0,3.75,5.0,0.0,3.75,1.25,0.0,0.0,0.0,10.0,1.25,2.5,33.3,2021-12-30,2500000.0
1321,Anton Kade,GER,MFDF,Hertha BSC,Bundesliga,18.0,2004,4,0,77,0.9,0.0,1.11,1.11,100.0,0.0,0.0,13.6,0.0,0.0,0.0,23.3,34.4,67.7,384.4,88.9,10.0,12.2,81.8,11.1,14.4,76.9,1.11,5.56,20.0,0.0,0.0,0.0,0.0,0.0,0.0,34.4,23.3,11.1,0.0,0.0,0.0,2.22,0.0,0.0,0.0,0.0,11.1,23.3,0.0,0.0,0.0,0.0,0.0,0.0,0.0,0.0,0.0,0.0,0.0,0.0,0.0,0.0,0.0,0.0,5.56,3.33,3.33,2.22,0.0,1.11,4.44,25.0,3.33,1.11,0.0,1.11,3.33,8.89,1.11,0.0,55.6,1.11,15.6,20.0,24.4,4.44,44.4,28.9,115.6,87.8,5.56,1.11,1.11,2.22,1.11,23.3,2.22,0.0,0.0,0.0,2.22,2.22,0.0,2.22,3.33,0.0,0.0,0.0,8.89,2.22,3.33,40.0,2022-02-04,500000.0
1336,Boubacar Kamara,FRA,MFDF,Marseille,Ligue 1,22.0,1999,34,31,2778,30.9,0.03,0.71,0.1,13.6,0.05,0.33,19.5,0.0,0.0,0.0,71.3,78.5,90.8,1288.1,292.9,33.3,35.1,94.8,28.1,30.1,93.3,8.54,11.2,76.5,0.0,0.61,5.92,0.49,0.1,4.11,78.5,75.8,2.69,1.72,0.16,2.59,0.39,0.0,0.0,0.0,0.0,0.97,71.3,0.06,0.68,1.42,1.1,0.03,0.03,0.1,0.13,0.03,0.06,0.0,0.0,0.0,0.03,0.03,0.0,2.62,1.78,1.26,1.2,0.16,0.78,1.68,46.2,0.91,1.36,0.42,0.94,2.1,4.72,1.97,0.0,88.9,3.2,22.9,55.7,14.1,1.36,86.4,59.9,235.3,112.0,4.17,0.91,0.06,0.45,0.91,68.2,1.91,0.16,0.0,0.0,1.42,1.46,0.0,0.39,1.78,0.03,0.03,0.0,8.93,1.65,1.36,54.8,2022-05-30,25000000.0
1337,Hassane Kamara,CIV,MFDF,Nice,Ligue 1,28.0,1994,11,7,544,6.0,0.0,2.0,0.17,8.3,0.0,0.0,17.1,0.0,0.0,0.0,40.0,49.5,80.8,649.0,122.0,19.7,21.8,90.1,17.5,20.2,86.8,2.17,5.83,37.1,0.0,0.5,0.67,1.17,0.67,2.33,49.5,46.2,3.33,0.5,0.17,0.67,2.5,0.0,0.0,0.0,0.0,2.83,40.0,0.5,1.67,1.17,1.0,0.0,0.0,0.17,0.0,0.0,0.17,0.17,0.0,0.0,0.0,0.0,0.0,2.83,1.5,1.17,1.0,0.67,1.17,1.67,70.0,0.5,1.67,0.33,1.33,2.17,5.0,1.0,0.0,62.3,2.0,13.8,33.0,21.3,2.33,59.7,45.7,221.2,133.3,5.5,3.33,0.17,1.33,2.0,44.7,3.83,0.33,0.0,0.0,1.5,1.17,0.5,2.5,1.5,0.0,0.0,0.0,6.67,0.67,2.33,22.2,2021-12-16,6000000.0
1397,Robin Koch,GER,MFDF,Leeds United,Premier League,25.0,1996,20,17,1574,17.5,0.0,0.69,0.06,8.3,0.0,0.0,14.8,0.0,0.0,0.0,30.3,38.9,78.0,609.6,182.8,10.0,12.2,81.8,15.2,18.1,84.2,4.51,6.91,65.3,0.0,0.34,1.89,0.34,0.0,2.11,38.9,37.6,1.31,0.46,0.0,0.86,0.11,0.0,0.0,0.0,0.0,0.86,30.3,0.06,0.91,1.03,0.91,0.0,0.0,0.06,0.06,0.0,0.06,0.06,0.0,0.0,0.0,0.0,0.0,1.77,1.14,0.86,0.63,0.29,0.69,2.06,33.3,1.37,1.89,0.63,1.26,1.94,3.71,2.63,0.0,49.3,6.63,22.9,22.7,5.43,0.97,48.0,24.3,89.0,40.1,1.14,0.4,0.06,0.57,0.4,28.3,0.8,0.17,0.0,0.0,1.43,0.63,0.0,0.11,1.14,0.0,0.0,0.0,9.6,3.09,2.69,53.5,2021-12-23,17000000.0
1412,Geoffrey Kondogbia,CTA,MFDF,Atlético Madrid,La Liga,29.0,1993,28,21,1882,20.9,0.05,0.72,0.05,6.7,0.07,1.0,24.0,0.0,0.0,0.0,42.1,48.2,87.3,815.1,198.5,18.1,19.9,91.1,16.3,18.3,89.0,6.65,8.61,77.2,0.1,0.43,3.35,0.53,0.0,3.4,48.2,47.7,0.57,0.57,0.05,2.58,0.05,0.0,0.0,0.0,0.0,0.0,42.1,0.24,0.38,1.1,0.91,0.0,0.1,0.0,0.0,0.1,0.19,0.14,0.0,0.0,0.0,0.0,0.05,3.59,2.25,1.15,2.11,0.33,0.91,2.11,43.2,1.2,1.29,0.29,1.0,2.63,6.22,1.48,0.0,60.2,3.3,17.8,38.5,7.75,0.29,60.0,40.6,200.1,92.2,3.44,0.96,0.0,0.81,1.29,37.4,0.48,0.62,0.1,0.1,2.06,2.3,0.0,0.05,2.25,0.0,0.0,0.0,12.2,2.01,1.39,59.2,2021-12-30,15000000.0
1545,Ruben Loftus-Cheek,ENG,MFDF,Chelsea,Premier League,26.0,1996,24,13,1394,15.5,0.0,1.23,0.39,31.6,0.0,0.0,17.4,0.0,0.0,0.0,56.6,62.5,90.6,970.3,199.5,25.9,27.7,93.5,25.3,27.7,91.4,4.39,5.23,84.0,0.13,1.03,4.58,1.29,0.0,5.1,62.5,60.6,1.87,0.9,0.19,0.77,0.65,0.0,0.0,0.0,0.0,0.9,56.6,0.06,0.45,3.35,2.52,0.0,0.19,0.26,0.19,0.19,0.45,0.26,0.0,0.0,0.13,0.0,0.06,2.0,1.29,1.1,0.65,0.26,0.32,1.03,31.3,0.71,1.35,0.39,0.97,0.97,2.97,1.42,0.0,76.4,1.48,12.9,47.2,22.9,2.71,75.2,58.6,309.5,197.9,8.45,3.16,0.52,1.42,2.45,57.9,2.97,0.06,0.0,0.0,1.55,3.29,0.13,0.65,1.29,0.0,0.0,0.0,10.1,2.65,0.77,77.4,2021-12-23,20000000.0
1606,Yohann Magnin,FRA,MFDF,Clermont Foot,Ligue 1,24.0,1997,24,19,1717,19.1,0.05,0.99,0.16,15.8,0.05,0.33,14.3,0.0,0.0,0.0,39.4,48.1,81.8,674.7,174.1,19.2,21.8,88.0,15.5,18.2,85.1,3.82,6.34,60.3,0.0,0.47,2.46,0.58,0.1,2.83,48.1,47.6,0.47,0.47,0.0,0.99,0.58,0.0,0.0,0.0,0.0,0.0,39.4,0.26,0.79,1.31,1.05,0.0,0.0,0.05,0.1,0.1,0.1,0.05,0.0,0.0,0.0,0.05,0.0,3.3,1.94,1.52,1.36,0.42,0.84,2.2,38.1,1.36,1.52,0.47,1.05,0.94,4.24,1.68,0.05,59.7,3.77,19.9,31.7,10.4,2.3,59.3,35.6,137.3,59.8,2.3,0.42,0.05,0.99,1.2,41.0,1.36,0.1,0.0,0.0,1.26,1.36,0.26,0.58,1.94,0.05,0.0,0.0,8.64,1.78,2.36,43.0,2022-05-30,2000000.0
1755,Thiago Mendes,BRA,MFDF,Lyon,Ligue 1,30.0,1992,29,21,1863,20.7,0.1,0.77,0.19,25.0,0.13,0.5,24.1,0.19,0.0,0.0,66.5,75.4,88.2,1373.7,384.5,23.5,25.4,92.4,29.6,31.4,94.2,12.0,16.4,73.2,0.05,0.72,5.8,0.48,0.0,5.02,75.4,72.4,3.0,2.17,0.1,2.71,0.14,0.34,0.19,0.1,0.05,0.43,66.5,0.14,0.53,1.5,1.21,0.19,0.0,0.0,0.05,0.05,0.14,0.14,0.0,0.0,0.0,0.0,0.0,2.17,1.55,1.06,1.01,0.1,0.68,1.5,45.2,0.82,1.26,0.29,0.97,2.56,4.73,2.42,0.05,85.9,5.27,29.6,52.4,8.94,0.53,83.0,58.6,256.1,122.9,2.56,0.72,0.1,0.63,0.87,62.2,0.63,0.14,0.05,0.0,1.21,0.72,0.0,0.14,1.55,0.0,0.05,0.0,10.5,1.06,1.16,47.8,2022-05-30,9000000.0
1760,Batista Mendy,FRA,MFDF,Angers,Ligue 1,22.0,2000,34,27,2413,26.8,0.04,0.52,0.22,42.9,0.07,0.17,20.3,0.0,0.0,0.0,40.3,46.5,86.7,804.5,223.9,13.7,15.4,89.1,20.1,21.9,92.0,5.71,7.95,71.8,0.04,0.26,2.87,0.37,0.07,3.25,46.5,45.4,1.12,1.04,0.07,1.12,0.22,0.0,0.0,0.0,0.0,0.07,40.3,0.04,0.67,0.86,0.63,0.0,0.04,0.04,0.07,0.07,0.04,0.04,0.0,0.0,0.0,0.0,0.0,1.75,1.27,0.9,0.71,0.15,0.6,1.53,39.0,0.93,1.9,0.19,1.72,1.64,3.4,1.75,0.0,55.9,3.73,21.9,31.3,6.94,0.49,54.8,39.7,181.8,98.6,3.25,0.93,0.0,0.56,0.9,38.5,0.86,0.19,0.0,0.0,2.13,0.45,0.04,0.22,1.27,0.0,0.04,0.07,8.1,0.78,1.16,40.4,2022-05-30,3000000.0
1799,James Milner,ENG,MFDF,Liverpool,Premier League,36.0,1986,24,9,853,9.5,0.0,1.05,0.21,20.0,0.0,0.0,22.8,0.0,0.0,0.0,65.6,78.8,83.2,1287.5,390.7,25.6,28.9,88.4,29.1,32.8,88.5,10.0,14.6,68.3,0.11,2.11,7.79,2.11,0.21,7.89,78.8,72.7,6.11,1.68,0.21,2.11,2.11,1.37,0.0,1.05,0.0,3.05,65.6,0.21,2.0,3.26,2.42,0.63,0.11,0.11,0.0,0.0,0.11,0.11,0.0,0.0,0.0,0.0,0.0,3.68,2.42,1.58,1.58,0.53,1.58,3.68,42.9,2.11,2.11,0.63,1.47,2.32,6.0,2.32,0.0,92.1,4.63,19.5,47.5,28.6,1.16,86.5,56.7,202.7,105.8,4.42,1.58,0.11,0.95,1.05,63.1,3.26,0.21,0.0,0.0,1.79,2.11,0.0,2.11,2.42,0.0,0.0,0.0,11.5,1.47,1.16,56.0,2021-12-23,2000000.0
1839,Alberto Moreno,ESP,MFDF,Villarreal,La Liga,29.0,1992,24,13,1223,13.6,0.22,1.62,0.74,45.5,0.14,0.3,17.5,0.07,0.0,0.0,36.8,45.8,80.3,645.8,170.0,16.8,19.6,85.8,15.4,18.1,85.0,3.9,6.47,60.2,0.15,1.4,1.84,1.62,0.51,2.79,45.8,41.5,4.34,1.32,0.0,0.81,2.35,0.88,0.51,0.0,0.0,2.13,36.8,0.59,1.47,2.79,2.06,0.37,0.0,0.22,0.15,0.0,0.22,0.0,0.15,0.0,0.07,0.0,0.0,1.18,0.88,0.44,0.66,0.07,0.37,1.47,25.0,1.1,1.25,0.15,1.1,2.65,3.82,0.88,0.07,57.7,1.84,10.7,27.2,23.7,3.09,53.3,39.6,194.7,109.0,5.07,2.06,0.37,1.99,1.18,39.6,5.66,0.22,0.0,0.0,1.99,1.62,0.44,2.35,0.88,0.0,0.15,0.0,6.62,0.59,1.25,32.0,2021-12-30,5000000.0
1872,Marshall Munetsi,ZIM,MFDF,Reims,Ligue 1,25.0,1996,24,20,1885,20.9,0.24,1.53,0.62,40.6,0.16,0.38,16.2,0.0,0.0,0.0,26.0,32.0,81.3,523.1,121.4,9.95,11.6,85.6,11.1,12.9,85.9,4.45,6.51,68.4,0.05,0.33,1.63,0.05,0.0,1.2,32.0,31.4,0.57,0.53,0.1,0.72,0.1,0.0,0.0,0.0,0.0,0.05,26.0,0.19,0.53,1.15,0.72,0.0,0.1,0.14,0.1,0.1,0.14,0.05,0.0,0.0,0.0,0.05,0.05,2.39,1.1,1.44,0.86,0.1,0.72,1.77,40.5,1.05,2.34,0.57,1.77,2.3,4.69,4.07,0.05,47.4,5.93,20.5,22.7,6.03,1.82,46.8,25.1,125.4,65.7,1.63,0.48,0.1,1.1,1.1,26.2,1.15,0.33,0.0,0.0,2.15,1.2,0.1,0.1,1.1,0.05,0.0,0.0,7.94,2.58,1.67,60.7,2022-05-30,5000000.0
1900,Nikolas Nartey,DEN,MFDF,Stuttgart,Bundesliga,22.0,2000,8,4,404,4.5,0.0,0.22,0.0,0.0,0.0,0.0,14.9,0.0,0.0,0.0,33.8,44.9,75.2,569.3,176.7,14.9,18.7,79.8,16.2,19.3,83.9,2.0,4.89,40.9,0.0,0.89,1.78,1.56,0.44,3.78,44.9,40.2,4.67,0.89,0.0,0.89,1.78,0.0,0.0,0.0,0.0,3.78,33.8,0.0,1.56,2.22,2.0,0.0,0.0,0.0,0.22,0.0,0.0,0.0,0.0,0.0,0.0,0.0,0.0,2.0,0.89,0.22,1.56,0.22,0.44,1.33,33.3,0.89,1.78,0.44,1.33,1.56,3.56,1.33,0.0,55.8,2.0,13.8,28.4,16.4,1.56,51.8,33.8,141.3,70.9,3.56,1.33,0.22,2.0,0.89,35.3,4.22,0.22,0.0,0.0,2.22,1.33,0.22,1.78,0.89,0.0,0.0,0.0,7.78,3.11,0.67,82.4,2021-12-22,1800000.0
1908,Wilfred Ndidi,NGA,MFDF,Leicester City,Premier League,25.0,1996,19,18,1618,18.0,0.0,0.83,0.22,26.7,0.0,0.0,18.0,0.0,0.0,0.0,42.1,51.1,82.4,737.2,181.8,19.3,22.4,86.1,18.2,20.6,88.6,3.72,5.78,64.4,0.0,0.0,2.06,0.22,0.0,2.89,51.1,49.8,1.22,1.11,0.0,1.0,0.11,0.0,0.0,0.0,0.0,0.11,42.1,0.11,1.11,0.78,0.5,0.0,0.0,0.17,0.06,0.06,0.11,0.06,0.0,0.0,0.06,0.0,0.0,3.89,2.61,2.17,1.56,0.17,1.17,2.61,44.7,1.44,1.78,0.33,1.44,2.5,6.39,3.83,0.0,65.6,5.72,23.4,36.4,8.33,1.0,64.4,38.2,163.5,65.8,2.28,0.56,0.06,1.0,0.78,37.1,0.67,0.22,0.0,0.0,1.89,1.44,0.06,0.11,2.61,0.0,0.11,0.0,13.8,3.11,1.89,62.2,2021-12-23,60000000.0
1969,Joel Obi,NGA,MFDF,Salernitana,Serie A,31.0,1991,21,12,1143,12.7,0.0,0.79,0.16,20.0,0.0,0.0,10.3,0.0,0.0,0.0,23.2,29.7,78.2,343.3,93.9,13.2,14.8,89.4,7.32,9.61,76.2,1.57,2.83,55.6,0.08,1.1,1.1,0.24,0.16,1.26,29.7,28.0,1.73,0.24,0.08,0.63,0.87,0.55,0.24,0.31,0.0,0.79,23.2,0.0,1.1,1.81,1.34,0.39,0.0,0.08,0.0,0.0,0.16,0.16,0.0,0.0,0.0,0.0,0.0,2.13,1.02,0.63,1.02,0.47,0.16,0.71,22.2,0.55,1.5,0.47,1.02,1.5,3.62,0.63,0.0,40.9,1.57,9.92,20.4,12.6,2.36,39.1,23.5,97.3,42.5,1.65,0.63,0.08,1.65,1.5,24.1,3.31,0.31,0.0,0.0,2.83,1.97,0.0,0.87,1.02,0.0,0.0,0.0,7.95,1.42,1.5,48.6,2021-12-28,600000.0
2063,Mads Pedersen,DEN,MFDF,Augsburg,Bundesliga,25.0,1996,29,15,1391,15.5,0.13,1.23,0.39,31.6,0.11,0.33,20.0,0.06,0.0,0.0,19.5,29.8,65.6,355.4,159.5,9.03,10.9,82.8,7.61,10.3,73.8,2.32,6.52,35.6,0.06,1.23,1.35,0.9,0.45,2.39,29.8,23.4,6.39,0.71,0.0,1.29,2.13,1.1,0.19,0.84,0.0,4.58,19.5,0.13,1.42,2.0,1.16,0.32,0.13,0.06,0.19,0.13,0.06,0.06,0.0,0.0,0.0,0.0,0.0,2.13,1.35,0.84,0.9,0.39,0.97,2.45,39.5,1.48,1.74,0.26,1.48,1.94,4.06,1.29,0.0,42.6,2.26,12.6,16.8,15.7,1.87,36.5,23.5,130.7,76.4,2.97,0.97,0.52,1.42,1.81,19.9,2.9,0.32,0.0,0.0,1.94,2.13,0.19,2.13,1.35,0.0,0.06,0.0,8.06,0.65,1.61,28.6,2021-12-22,1500000.0
2272,Sergi Roberto,ESP,MFDF,Barcelona,La Liga,30.0,1992,9,4,400,4.4,0.45,0.91,0.68,75.0,0.5,0.67,9.0,0.0,0.0,0.0,54.8,60.9,89.9,883.4,206.4,28.2,30.0,93.9,21.1,22.7,93.0,4.55,6.59,69.0,0.23,1.14,3.64,0.45,0.0,3.41,60.9,56.4,4.55,2.05,0.0,0.45,1.59,0.0,0.0,0.0,0.0,2.5,54.8,0.0,0.68,2.05,2.05,0.0,0.0,0.0,0.0,0.0,0.23,0.23,0.0,0.0,0.0,0.0,0.0,2.27,1.36,0.91,0.68,0.68,0.45,1.14,40.0,0.68,0.68,0.0,0.68,0.45,2.73,0.91,0.0,68.0,2.27,13.9,36.1,21.4,1.82,64.1,46.1,212.5,111.8,4.32,1.36,0.0,1.36,0.68,49.3,2.73,0.23,0.0,0.0,0.45,0.91,0.23,1.59,1.36,0.0,0.0,0.0,8.64,0.45,0.68,40.0,2022-03-21,7000000.0
2312,Marten de Roon,NED,MFDF,Atalanta,Serie A,31.0,1991,30,28,2548,28.3,0.11,0.78,0.18,22.7,0.14,0.6,18.6,0.0,0.0,0.0,51.0,59.2,86.2,1009.3,302.2,19.0,21.1,90.1,24.1,26.3,91.7,7.07,10.2,69.0,0.0,0.32,4.84,0.85,0.0,4.91,59.2,56.6,2.54,1.7,0.04,2.23,0.0,0.04,0.04,0.0,0.0,0.81,51.0,0.11,0.6,1.31,1.2,0.04,0.04,0.0,0.0,0.04,0.11,0.11,0.0,0.0,0.0,0.0,0.0,2.93,1.63,1.34,1.31,0.28,1.1,2.37,46.3,1.27,1.24,0.11,1.13,2.33,5.27,2.05,0.0,68.2,2.9,20.0,38.8,13.6,0.71,65.9,42.7,190.8,93.3,3.32,1.06,0.04,0.35,0.14,43.5,0.6,0.25,0.04,0.04,1.91,0.67,0.0,0.0,1.63,0.0,0.0,0.0,12.2,2.16,1.27,62.9,2021-12-28,20000000.0
2350,Marcel Sabitzer,AUT,MFDF,Bayern Munich,Bundesliga,28.0,1994,25,8,905,10.1,0.1,1.88,0.59,31.6,0.05,0.17,18.8,0.1,0.0,0.0,57.5,70.8,81.3,944.3,255.2,30.6,34.9,87.8,21.5,25.3,84.8,4.36,6.83,63.8,0.1,0.99,4.16,1.39,0.2,5.35,70.8,66.6,4.16,0.99,0.0,1.39,1.29,0.0,0.0,0.0,0.0,3.17,57.5,0.2,2.08,2.57,2.38,0.0,0.0,0.1,0.0,0.1,0.3,0.3,0.0,0.0,0.0,0.0,0.0,2.18,0.89,0.89,0.99,0.3,0.99,2.48,40.0,1.49,1.09,0.2,0.89,1.29,3.47,0.99,0.0,82.3,2.38,17.6,43.6,24.3,3.86,78.2,55.5,200.0,92.4,4.95,1.09,0.4,1.39,1.49,59.9,4.85,0.0,0.0,0.0,1.68,1.88,0.0,1.29,0.89,0.0,0.0,0.0,11.1,2.28,1.09,67.6,2022-03-24,22000000.0
2395,Baptiste Santamaria,FRA,MFDF,Rennes,Ligue 1,27.0,1995,34,28,2518,28.0,0.07,1.21,0.25,20.6,0.06,0.29,16.7,0.0,0.0,0.0,48.5,56.0,86.6,1014.4,218.9,16.6,18.9,88.3,22.1,24.4,90.5,9.07,11.1,81.4,0.04,0.64,3.71,0.43,0.14,3.21,56.0,54.9,1.14,0.93,0.0,2.57,0.46,0.04,0.0,0.0,0.0,0.18,48.5,0.07,0.79,1.57,1.46,0.0,0.0,0.07,0.0,0.04,0.25,0.21,0.0,0.0,0.04,0.0,0.0,1.79,0.79,0.64,0.93,0.21,0.61,1.57,38.6,0.96,1.39,0.43,0.96,1.71,3.5,1.57,0.0,65.8,3.11,18.9,40.4,10.4,1.18,64.7,44.0,200.1,96.7,3.0,0.71,0.0,0.68,0.89,46.1,1.43,0.25,0.0,0.0,1.32,0.93,0.0,0.46,0.79,0.0,0.04,0.0,10.5,2.82,1.39,66.9,2022-05-30,14000000.0
2506,Ibrahima Sissoko,FRA,MFDF,Strasbourg,Ligue 1,24.0,1997,35,26,2303,25.6,0.08,1.02,0.2,19.2,0.08,0.4,13.6,0.0,0.0,0.0,33.4,41.4,80.6,621.2,185.5,14.3,16.7,85.5,14.1,16.1,87.9,4.22,6.52,64.7,0.2,1.02,2.97,0.86,0.16,3.55,41.4,40.8,0.59,0.39,0.12,0.98,0.86,0.0,0.0,0.0,0.0,0.12,33.4,0.16,1.17,2.19,1.68,0.0,0.2,0.04,0.27,0.0,0.31,0.27,0.0,0.0,0.0,0.04,0.0,1.68,0.94,0.59,0.74,0.35,0.23,1.02,23.1,0.78,2.34,0.51,1.84,1.72,3.4,1.52,0.0,53.7,3.13,15.2,28.0,14.2,2.73,53.2,36.1,198.5,114.3,4.92,0.98,0.27,1.64,1.64,35.3,4.49,0.23,0.0,0.0,2.42,1.37,0.0,0.86,0.94,0.04,0.0,0.0,9.53,2.58,1.48,63.5,2022-05-30,8000000.0
2509,Sambou Sissoko,FRA,MFDF,Reims,Ligue 1,23.0,1999,8,0,176,2.0,0.0,1.5,0.0,0.0,0.0,0.0,21.8,0.0,0.0,0.0,35.5,48.5,73.2,654.5,229.5,12.5,16.5,75.8,19.0,22.0,86.4,4.0,7.0,57.1,0.0,1.5,1.0,1.0,0.5,3.5,48.5,36.0,12.5,2.5,0.0,1.0,0.5,0.0,0.0,0.0,0.0,10.0,35.5,0.0,2.0,3.0,2.5,0.0,0.0,0.0,0.0,0.5,0.0,0.0,0.0,0.0,0.0,0.0,0.0,6.0,4.0,2.5,2.0,1.5,1.5,4.5,33.3,3.0,1.0,0.0,1.0,3.0,9.0,3.0,0.0,64.0,2.0,24.0,30.0,12.5,0.5,53.5,28.5,137.0,43.0,0.5,0.0,0.0,1.0,1.5,27.0,2.5,0.0,0.0,0.0,0.5,2.0,0.0,0.5,4.0,0.0,0.0,0.0,11.5,3.0,1.0,75.0,2022-05-30,500000.0
2527,Augusto Solari,ARG,MFDF,Celta Vigo,La Liga,30.0,1992,26,4,714,7.9,0.0,0.89,0.13,14.3,0.0,0.0,25.1,0.0,0.0,0.0,37.5,54.4,68.8,611.8,170.0,19.7,23.5,83.9,13.3,19.1,69.5,3.29,8.61,38.2,0.0,0.76,2.53,1.14,0.76,2.66,54.4,50.4,4.05,0.25,0.13,1.39,4.3,0.51,0.13,0.25,0.0,3.16,37.5,0.51,2.41,2.41,1.77,0.0,0.25,0.13,0.25,0.0,0.0,0.0,0.0,0.0,0.0,0.0,0.0,3.42,2.41,1.27,1.39,0.76,1.14,3.04,37.5,1.9,2.03,0.63,1.39,1.9,5.32,1.77,0.0,70.4,1.77,12.7,35.1,26.7,2.66,66.6,43.2,182.9,100.0,4.94,2.15,0.13,2.78,1.65,42.8,3.92,0.63,0.0,0.0,2.91,1.52,0.13,4.3,2.41,0.0,0.0,0.0,12.2,0.76,1.52,33.3,2021-12-30,3000000.0
2577,Tobias Strobl,GER,MFDF,Augsburg,Bundesliga,32.0,1990,5,4,323,3.6,0.0,0.56,0.28,50.0,0.0,0.0,17.0,0.0,0.0,0.0,18.9,26.1,72.3,375.0,126.1,6.11,7.78,78.6,9.17,10.3,89.2,3.06,6.11,50.0,0.0,0.28,1.94,0.28,0.0,2.78,26.1,25.3,0.83,0.83,0.0,1.39,0.28,0.0,0.0,0.0,0.0,0.0,18.9,0.28,1.11,1.11,0.83,0.0,0.0,0.0,0.28,0.0,0.0,0.0,0.0,0.0,0.0,0.0,0.0,1.39,0.56,0.56,0.83,0.0,0.28,2.22,12.5,1.94,3.06,0.56,2.5,2.22,3.61,1.39,0.0,37.5,3.33,13.1,22.2,3.06,0.83,36.7,15.8,80.8,26.4,0.83,0.28,0.0,0.56,1.11,14.4,0.56,0.28,0.0,0.0,1.94,0.56,0.0,0.28,0.56,0.0,0.0,0.0,10.6,2.5,1.39,64.3,2021-12-22,1000000.0
2790,Emanuel Vignato,ITA,MFDF,Bologna,Serie A,21.0,2000,24,3,594,6.6,0.0,0.76,0.15,20.0,0.0,0.0,21.0,0.0,0.0,0.0,50.9,60.9,83.6,878.3,247.3,28.3,31.5,89.9,17.0,19.4,87.5,5.61,7.12,78.7,0.15,1.67,4.55,1.82,0.45,5.61,60.9,57.0,3.94,0.45,0.15,1.97,2.12,0.61,0.15,0.0,0.15,2.27,50.9,0.15,2.88,3.03,2.58,0.15,0.3,0.0,0.0,0.0,0.3,0.3,0.0,0.0,0.0,0.0,0.0,2.42,1.67,1.06,0.76,0.61,0.61,1.82,33.3,1.21,0.76,0.0,0.76,0.45,2.88,0.91,0.0,69.4,1.21,12.9,37.0,25.6,2.27,65.6,49.8,337.0,170.2,8.79,2.42,0.76,0.45,1.67,50.8,3.18,0.3,0.0,0.0,0.76,0.61,0.0,2.12,1.67,0.0,0.0,0.0,9.09,0.61,1.36,30.8,2021-12-28,6000000.0
2854,Axel Witsel,BEL,MFDF,Dortmund,Bundesliga,33.0,1989,29,22,1941,21.6,0.09,0.37,0.09,25.0,0.25,1.0,20.8,0.0,0.0,0.0,56.1,60.1,93.2,1022.7,230.2,22.6,24.3,93.1,27.1,28.2,95.9,5.42,6.11,88.6,0.0,0.28,3.66,0.23,0.05,2.87,60.1,57.7,2.45,2.22,0.05,0.74,0.05,0.0,0.0,0.0,0.0,0.23,56.1,0.0,0.46,1.02,0.88,0.05,0.0,0.0,0.05,0.05,0.05,0.05,0.0,0.0,0.0,0.0,0.0,2.36,1.48,0.83,1.16,0.37,0.74,1.57,47.1,0.83,1.53,0.46,1.06,1.53,3.89,1.99,0.0,69.3,4.54,21.6,44.7,6.2,0.56,67.2,46.3,207.5,83.1,2.92,0.65,0.09,0.51,0.74,49.4,0.56,0.19,0.0,0.0,1.2,1.44,0.05,0.05,1.48,0.0,0.09,0.0,9.31,1.53,0.83,64.7,2022-03-24,4000000.0
2865,Granit Xhaka,SUI,MFDF,Arsenal,Premier League,29.0,1992,27,27,2327,25.9,0.04,1.04,0.19,18.5,0.04,0.2,22.8,0.04,0.0,0.0,52.0,59.8,87.0,967.7,258.4,22.1,24.4,90.4,22.4,24.7,90.3,6.53,8.38,77.9,0.08,1.35,6.18,1.74,0.19,5.6,59.8,57.6,2.2,1.39,0.12,2.01,0.69,0.0,0.0,0.0,0.0,0.69,52.0,0.04,1.08,3.05,2.78,0.08,0.08,0.04,0.0,0.08,0.12,0.12,0.0,0.0,0.0,0.0,0.0,1.51,0.93,0.73,0.54,0.23,0.5,1.39,36.1,0.89,1.39,0.31,1.08,1.2,2.7,1.08,0.0,68.2,2.74,13.3,39.4,19.3,1.74,66.1,46.3,215.6,108.3,4.29,1.51,0.15,0.66,0.93,50.1,2.28,0.39,0.04,0.0,1.35,0.89,0.08,0.69,0.93,0.0,0.04,0.0,9.58,1.39,1.12,55.4,2021-12-23,20000000.0
2884,Denis Zakaria,SUI,MFDF,M'Gladbach,Bundesliga,25.0,1996,16,15,1395,15.5,0.13,1.16,0.26,22.2,0.11,0.5,23.2,0.0,0.0,0.0,47.5,52.8,90.1,873.9,258.9,19.2,20.7,92.8,21.8,23.6,92.3,5.55,6.84,81.1,0.06,0.39,3.61,0.39,0.0,4.32,52.8,51.1,1.68,1.42,0.06,0.71,0.32,0.0,0.0,0.0,0.0,0.19,47.5,0.19,0.65,1.55,1.23,0.0,0.06,0.13,0.06,0.06,0.19,0.13,0.0,0.0,0.06,0.0,0.0,1.87,1.23,0.84,0.9,0.13,0.71,1.61,44.0,0.9,2.32,0.32,2.0,2.39,4.26,1.48,0.0,64.3,4.52,22.1,38.6,8.97,0.84,62.6,46.3,247.1,142.1,4.52,1.48,0.26,0.97,1.48,42.5,1.35,0.26,0.0,0.0,1.48,0.9,0.06,0.32,1.23,0.0,0.06,0.0,10.9,0.9,0.97,48.3,2021-12-22,27000000.0
2902,Mehdi Zerkane,ALG,MFDF,Bordeaux,Ligue 1,22.0,1999,6,0,83,0.9,0.0,1.11,0.0,0.0,0.0,0.0,23.3,0.0,0.0,0.0,47.8,51.1,93.5,666.7,217.8,23.3,25.6,91.3,20.0,21.1,94.7,1.11,1.11,100.0,0.0,1.11,0.0,0.0,0.0,2.22,51.1,44.4,6.67,0.0,0.0,0.0,0.0,0.0,0.0,0.0,0.0,6.67,47.8,0.0,2.22,4.44,2.22,2.22,0.0,0.0,0.0,0.0,0.0,0.0,0.0,0.0,0.0,0.0,0.0,2.22,2.22,0.0,0.0,2.22,1.11,3.33,33.3,2.22,2.22,2.22,0.0,2.22,4.44,0.0,0.0,68.9,2.22,8.89,45.6,21.1,2.22,62.2,48.9,262.2,118.9,5.56,0.0,0.0,1.11,5.56,45.6,2.22,0.0,0.0,0.0,1.11,2.22,0.0,0.0,2.22,0.0,0.0,0.0,8.89,0.0,2.22,0.0,2022-05-30,1500000.0
46,Maghnes Akliouche,FRA,MFDF,Monaco,Ligue 1,20.0,2002,6,3,248,2.8,0.0,0.36,0.36,100.0,0.0,0.0,8.4,0.0,0.0,0.0,28.2,37.9,74.5,366.1,113.6,17.9,21.8,82.0,7.5,10.4,72.4,0.71,1.79,40.0,0.0,1.79,2.5,1.43,0.0,3.93,37.9,35.7,1.79,0.36,0.0,0.0,3.21,0.36,0.36,0.0,0.0,1.07,28.2,0.36,1.43,1.79,1.79,0.0,0.0,0.0,0.0,0.0,0.0,0.0,0.0,0.0,0.0,0.0,0.0,2.14,1.07,1.07,1.07,0.0,0.36,1.07,33.3,0.71,0.36,0.0,0.36,0.71,2.86,0.71,0.0,47.9,1.43,7.14,19.3,22.1,3.21,47.9,38.2,214.3,94.6,1.79,1.07,0.36,1.79,2.14,35.0,7.5,1.07,0.0,0.0,1.79,1.07,0.0,3.21,1.07,0.0,0.0,0.0,6.43,0.71,1.07,40.0,2023-03-27,6000000.0
127,Santiago Arzamendia,PAR,MFDF,Cádiz,La Liga,24.0,1998,8,3,299,3.3,0.0,0.91,0.3,33.3,0.0,0.0,17.5,0.0,0.0,0.0,24.2,37.3,65.0,386.7,169.4,13.0,16.7,78.2,7.58,11.2,67.6,2.12,4.85,43.8,0.0,1.52,2.42,0.91,0.0,2.42,37.3,31.5,5.76,0.61,0.0,0.3,1.82,0.3,0.3,0.0,0.0,4.85,24.2,0.0,2.73,1.82,1.52,0.0,0.3,0.0,0.0,0.0,0.0,0.0,0.0,0.0,0.0,0.0,0.0,1.52,1.21,0.91,0.3,0.3,1.21,3.64,33.3,2.42,2.42,0.0,2.42,0.3,1.82,2.42,0.3,50.0,3.03,16.1,21.8,12.7,1.52,50.0,22.4,88.8,49.7,1.52,0.91,0.61,1.82,0.61,22.1,4.24,0.0,0.0,0.0,0.91,0.3,0.0,1.82,1.21,0.0,0.0,0.0,8.18,1.52,1.82,45.5,2022-11-07,1500000.0
175,Mitchel Bakker,NED,MFDF,Leverkusen,Bundesliga,22.0,2000,17,11,968,10.8,2.0,0.93,0.37,40.0,0.2,0.5,21.3,0.0,0.0,0.0,43.5,55.0,79.1,694.6,217.0,23.2,26.5,87.8,16.5,20.7,79.5,2.96,5.37,55.2,0.09,0.93,1.85,0.83,0.19,3.43,55.0,44.8,10.1,1.02,0.09,0.56,1.3,0.0,0.0,0.0,0.0,9.07,43.5,0.09,1.2,1.76,1.48,0.28,0.0,0.0,0.0,0.0,0.09,0.09,0.0,0.0,0.0,0.0,0.0,1.02,0.65,0.46,0.56,0.0,0.28,0.56,50.0,0.28,0.83,0.19,0.65,0.65,1.67,1.11,0.19,63.0,1.85,19.8,30.3,13.5,1.39,63.0,30.6,139.4,69.1,1.2,0.74,0.46,1.2,0.65,39.2,3.7,0.37,0.09,0.09,1.02,0.74,0.0,1.3,0.65,0.0,0.0,0.0,6.39,0.83,0.74,52.9,2022-11-09,9000000.0
213,Simone Bastoni,ITA,MFDF,Spezia,Serie A,26.0,1996,13,12,946,10.5,2.0,1.9,0.57,30.0,0.1,0.33,20.0,0.1,0.0,0.0,26.8,44.7,59.9,448.5,165.6,13.5,16.0,84.5,9.52,15.7,60.6,3.05,8.57,35.6,0.19,1.43,2.29,0.86,0.57,2.29,44.7,35.6,8.95,2.0,0.19,0.38,8.19,4.0,2.29,1.33,0.0,2.95,26.8,0.1,2.76,2.48,1.43,0.76,0.0,0.19,0.0,0.1,0.19,0.19,0.0,0.0,0.0,0.0,0.0,3.52,1.71,1.52,1.52,0.48,0.86,1.81,47.4,0.95,1.52,0.38,1.14,0.67,4.19,0.86,0.0,56.3,2.29,13.9,22.7,20.3,1.9,56.3,25.7,116.7,55.3,1.14,1.14,0.19,1.24,1.05,29.7,5.24,0.38,0.0,0.0,2.19,1.05,0.19,8.19,1.71,0.0,0.0,0.0,6.76,1.05,0.76,57.9,2022-11-11,7500000.0
292,Leonardo Bittencourt,GER,MFDF,Werder Bremen,Bundesliga,29.0,1993,14,12,860,9.6,2.0,1.35,0.63,46.2,0.15,0.33,22.0,0.1,0.0,0.0,29.2,41.0,71.1,440.3,96.5,15.8,18.4,85.9,10.8,14.3,75.9,1.35,4.06,33.3,0.0,0.52,2.08,0.83,0.1,2.92,41.0,39.8,1.25,0.1,0.1,0.31,2.08,0.1,0.1,0.0,0.0,1.04,29.2,0.0,1.98,2.08,0.94,0.0,0.21,0.1,0.63,0.21,0.1,0.0,0.0,0.0,0.0,0.1,0.0,2.29,1.25,0.42,1.46,0.42,0.83,1.88,44.4,1.04,0.63,0.0,0.63,0.83,3.13,0.42,0.0,53.1,0.63,7.4,29.6,16.8,2.4,53.1,33.4,179.2,71.5,2.29,1.98,0.31,2.6,0.83,36.9,5.31,0.52,0.0,0.0,2.92,2.08,0.31,2.08,1.25,0.0,0.0,0.0,6.56,0.21,1.04,16.7,2022-11-09,3500000.0
295,Lautaro Blanco,ARG,MFDF,Elche,La Liga,23.0,1999,5,2,230,2.6,0.0,0.0,0.0,0.0,0.0,0.0,0.0,0.0,0.0,0.0,23.1,40.0,57.7,471.2,297.3,11.5,13.5,85.7,6.54,13.1,50.0,5.0,12.3,40.6,0.38,1.15,2.69,1.15,0.77,3.46,40.0,28.8,11.2,0.38,0.0,0.0,8.08,0.38,0.0,0.0,0.38,10.4,23.1,0.0,0.77,1.54,1.15,0.0,0.0,0.0,0.0,0.38,0.38,0.38,0.0,0.0,0.0,0.0,0.0,1.92,0.77,1.15,0.38,0.38,1.54,1.92,80.0,0.38,1.54,0.38,1.15,0.38,2.31,1.54,0.0,49.2,1.54,14.2,15.8,20.4,0.38,49.2,24.2,148.1,76.2,1.54,1.54,0.0,0.77,0.0,22.7,4.23,0.38,0.0,0.0,0.38,0.0,0.0,8.08,0.77,0.0,0.0,0.0,6.92,0.0,0.77,0.0,2023-03-23,3500000.0
301,Alexis Blin,FRA,MFDF,Lecce,Serie A,26.0,1996,20,13,1253,13.9,0.0,0.36,0.07,20.0,0.0,0.0,15.6,0.0,0.0,0.0,32.8,40.5,81.0,538.8,159.4,15.8,18.1,87.3,12.7,15.3,83.0,2.73,4.24,64.4,0.0,0.5,3.6,0.58,0.14,4.32,40.5,38.2,2.23,0.72,0.0,0.43,1.15,0.07,0.07,0.0,0.0,0.72,32.8,0.07,0.43,1.22,1.08,0.0,0.0,0.07,0.07,0.0,0.0,0.0,0.0,0.0,0.0,0.0,0.0,2.52,1.08,1.01,1.01,0.5,1.51,2.45,61.8,0.94,1.94,0.79,1.15,1.37,3.88,4.03,0.0,54.2,4.6,17.1,27.8,9.5,0.72,54.2,22.3,109.6,57.8,0.86,0.72,0.07,1.22,0.43,28.1,1.44,0.14,0.0,0.0,1.44,1.15,0.0,1.15,1.08,0.0,0.0,0.0,5.04,1.8,2.88,38.5,2022-11-11,2000000.0
302,Daley Blind,NED,MFDF,Bayern Munich,Bundesliga,32.0,1990,2,0,37,0.4,0.0,2.5,2.5,100.0,0.0,0.0,24.8,0.0,0.0,0.0,50.0,52.5,95.2,1070.0,435.0,12.5,12.5,100.0,32.5,35.0,92.9,5.0,5.0,100.0,0.0,2.5,5.0,2.5,0.0,7.5,52.5,47.5,5.0,5.0,0.0,2.5,0.0,0.0,0.0,0.0,0.0,0.0,50.0,0.0,0.0,5.0,5.0,0.0,0.0,0.0,0.0,0.0,0.0,0.0,0.0,0.0,0.0,0.0,0.0,0.0,0.0,0.0,0.0,0.0,0.0,0.0,0.0,0.0,0.0,0.0,0.0,0.0,0.0,10.0,0.0,67.5,10.0,17.5,42.5,7.5,0.0,67.5,27.5,127.5,40.0,0.0,0.0,0.0,0.0,0.0,40.0,0.0,0.0,0.0,0.0,2.5,0.0,0.0,0.0,0.0,0.0,0.0,0.0,5.0,5.0,2.5,66.7,2022-11-11,6000000.0
363,Joe Bryan,ENG,MFDF,Nice,Ligue 1,29.0,1993,5,2,166,1.8,0.0,0.56,0.0,0.0,0.0,0.0,18.9,0.0,0.0,0.0,43.3,55.0,78.8,615.0,247.8,27.8,31.7,87.7,13.9,16.1,86.2,1.11,3.33,33.3,0.0,0.56,1.11,1.67,0.0,4.44,55.0,46.7,8.33,0.0,0.0,0.0,1.67,0.0,0.0,0.0,0.0,8.33,43.3,0.0,1.67,0.56,0.56,0.0,0.0,0.0,0.0,0.0,0.0,0.0,0.0,0.0,0.0,0.0,0.0,2.78,2.22,1.67,1.11,0.0,2.22,2.22,100.0,0.0,1.11,0.0,1.11,0.56,3.33,0.56,0.0,63.3,2.22,15.0,29.4,20.0,2.78,63.3,43.3,233.9,98.9,1.11,3.33,0.0,1.67,0.0,38.3,8.33,1.11,0.0,0.0,1.67,1.67,0.56,1.67,2.22,0.0,0.0,0.0,8.89,0.0,2.78,0.0,2022-11-02,3000000.0
410,Eduardo Camavinga,FRA,MFDF,Real Madrid,La Liga,20.0,2002,20,9,914,10.2,0.0,1.18,0.1,8.3,0.0,0.0,23.6,0.0,0.0,0.0,57.0,62.7,90.8,882.9,245.3,29.1,31.5,92.5,21.7,23.0,94.0,3.82,4.8,79.6,0.1,1.27,6.76,0.78,0.1,8.04,62.7,58.5,3.82,1.96,0.2,0.29,0.49,0.0,0.0,0.0,0.0,1.86,57.0,0.39,0.59,4.51,3.33,0.0,0.39,0.2,0.59,0.0,0.29,0.2,0.0,0.0,0.0,0.1,0.0,2.94,2.06,1.08,1.08,0.78,0.78,2.55,30.8,1.76,1.27,0.29,0.98,0.88,3.82,1.27,0.0,75.6,1.96,14.5,41.0,21.7,1.18,75.6,51.4,304.1,176.3,3.73,4.71,0.39,1.86,1.18,56.9,4.8,0.29,0.0,0.0,1.47,3.63,0.29,0.49,2.06,0.0,0.0,0.0,6.18,0.88,0.69,56.3,2023-03-23,60000000.0
425,Pierrick Capelle,FRA,MFDF,Angers,Ligue 1,35.0,1987,16,9,820,9.1,0.0,1.1,0.55,50.0,0.0,0.0,17.7,0.0,0.0,0.0,38.1,47.0,81.1,639.5,195.4,18.6,21.1,88.0,14.8,18.2,81.3,3.19,5.27,60.4,0.22,0.88,3.3,0.66,0.44,4.29,47.0,43.0,4.07,0.77,0.0,0.11,2.97,1.32,0.55,0.55,0.0,1.87,38.1,0.0,0.55,1.76,1.21,0.44,0.0,0.11,0.0,0.0,0.22,0.11,0.11,0.0,0.0,0.0,0.0,2.86,1.65,1.43,1.21,0.22,1.65,3.41,48.4,1.76,0.99,0.11,0.88,1.32,4.18,1.65,0.0,58.4,2.2,14.1,31.4,13.3,1.54,58.4,40.3,226.7,88.1,1.21,1.43,0.44,1.43,1.21,36.9,2.2,0.77,0.0,0.0,2.2,0.55,0.0,2.97,1.65,0.0,0.0,0.0,6.37,0.99,1.43,40.9,2022-11-02,300000.0
505,Yanis Cimignani,FRA,MFDF,Ajaccio,Ligue 1,21.0,2002,8,3,279,3.1,0.0,1.94,0.65,33.3,0.0,0.0,24.6,0.0,0.0,0.0,24.2,36.5,66.4,401.6,86.1,13.2,16.5,80.4,8.06,12.9,62.5,2.58,4.52,57.1,0.0,0.97,0.32,0.65,0.65,0.0,36.5,32.6,3.55,0.32,0.0,0.0,3.23,0.32,0.32,0.0,0.0,2.9,24.2,0.32,1.94,2.58,2.58,0.0,0.0,0.0,0.0,0.0,0.0,0.0,0.0,0.0,0.0,0.0,0.0,3.55,1.61,0.97,2.26,0.32,1.29,1.61,80.0,0.32,1.61,0.32,1.29,0.65,4.19,0.65,0.0,47.7,1.61,7.42,20.6,19.7,0.65,47.7,29.4,151.9,63.5,0.97,2.58,0.0,1.29,1.61,28.1,5.48,0.0,0.0,0.0,1.61,0.65,0.0,3.23,1.61,0.0,0.0,0.0,3.87,0.0,3.87,0.0,2023-03-27,1500000.0
673,Mamady Diarra,MLI,MFDF,Cádiz,La Liga,22.0,2000,2,1,66,0.7,0.0,4.29,0.0,0.0,0.0,0.0,16.4,0.0,0.0,0.0,11.4,12.9,88.9,147.1,37.1,5.71,7.14,80.0,4.29,4.29,100.0,0.0,0.0,0.0,0.0,0.0,0.0,0.0,0.0,0.0,12.9,12.9,0.0,0.0,0.0,0.0,0.0,0.0,0.0,0.0,0.0,0.0,11.4,0.0,1.43,1.43,0.0,0.0,0.0,1.43,0.0,0.0,0.0,0.0,0.0,0.0,0.0,0.0,0.0,2.86,1.43,2.86,0.0,0.0,1.43,2.86,50.0,1.43,2.86,0.0,2.86,0.0,2.86,0.0,0.0,30.0,0.0,8.57,12.9,8.57,4.29,30.0,20.0,120.0,78.6,4.29,0.0,1.43,1.43,1.43,12.9,0.0,0.0,0.0,0.0,1.43,1.43,0.0,0.0,1.43,0.0,0.0,0.0,7.14,0.0,0.0,0.0,2022-12-29,300000.0
728,Jodel Dossou,BEN,MFDF,Clermont Foot,Ligue 1,30.0,1992,9,2,258,2.9,1.0,2.07,1.03,50.0,0.17,0.33,16.7,0.0,0.0,0.0,13.4,20.3,66.1,190.3,67.6,8.97,11.0,81.3,3.45,6.21,55.6,0.69,1.72,40.0,0.0,1.03,1.72,0.34,0.34,2.07,20.3,19.0,1.38,0.0,0.0,0.0,3.45,0.0,0.0,0.0,0.0,1.38,13.4,0.0,0.69,1.72,1.38,0.0,0.0,0.34,0.0,0.0,0.0,0.0,0.0,0.0,0.0,0.0,0.0,2.41,1.38,1.03,0.69,0.69,1.38,1.38,100.0,0.0,0.69,0.34,0.34,0.34,2.76,0.0,0.0,34.8,0.34,4.48,13.8,17.6,3.1,34.8,23.1,153.8,73.8,2.76,1.38,0.69,2.76,1.72,22.1,7.93,0.0,0.0,0.0,1.03,1.03,1.03,3.45,1.38,0.0,0.0,0.0,2.41,0.34,1.38,20.0,2022-11-02,1000000.0
851,Fernando,BRA,MFDF,Sevilla,La Liga,35.0,1987,13,12,971,10.8,0.0,0.28,0.0,0.0,0.0,0.0,21.2,0.0,0.0,0.0,51.0,57.0,89.4,932.8,226.2,21.7,23.5,92.1,23.3,25.0,93.3,5.09,6.57,77.5,0.0,0.46,4.07,0.19,0.0,4.26,57.0,54.6,2.04,1.57,0.0,1.39,0.19,0.0,0.0,0.0,0.0,0.28,51.0,0.37,0.28,1.2,1.11,0.0,0.0,0.0,0.0,0.09,0.0,0.0,0.0,0.0,0.0,0.0,0.0,2.13,1.48,0.93,1.02,0.19,1.02,1.39,73.3,0.37,1.3,0.56,0.74,1.57,3.7,1.67,0.0,65.9,4.91,22.5,34.1,9.72,0.28,65.9,40.6,178.8,77.9,0.46,1.48,0.0,0.93,0.93,44.8,0.93,0.19,0.0,0.0,1.11,0.65,0.0,0.19,1.48,0.0,0.0,0.0,6.02,0.56,0.83,40.0,2023-03-23,3000000.0
1034,Pape Gueye,SEN,MFDF,Marseille,Ligue 1,24.0,1999,14,4,492,5.5,1.0,1.45,0.73,50.0,0.13,0.25,16.8,0.0,0.0,0.0,49.3,58.2,84.7,902.9,234.7,18.2,19.3,94.3,25.8,30.0,86.1,4.55,7.09,64.1,0.18,0.73,4.0,1.09,0.36,5.64,58.2,55.3,2.73,1.64,0.0,0.36,0.55,0.0,0.0,0.0,0.0,1.09,49.3,0.18,0.36,1.82,1.82,0.0,0.0,0.0,0.0,0.0,0.18,0.18,0.0,0.0,0.0,0.0,0.0,3.27,1.27,1.82,1.27,0.18,1.27,2.73,46.7,1.45,1.64,0.36,1.27,1.64,4.91,0.36,0.0,70.5,1.64,13.1,44.7,13.3,1.27,70.5,54.0,306.7,160.2,1.64,0.73,0.18,1.27,1.09,49.3,2.36,0.18,0.0,0.0,1.82,2.18,0.18,0.55,1.27,0.0,0.0,0.0,7.64,2.0,0.91,68.8,2022-11-02,10000000.0
1035,Josuha Guilavogui,FRA,MFDF,Wolfsburg,Bundesliga,32.0,1990,13,4,524,5.8,1.0,0.52,0.17,33.3,0.33,1.0,14.5,0.0,0.0,0.0,33.8,43.4,77.8,667.2,206.4,12.4,15.7,79.1,16.0,20.2,79.5,5.17,6.38,81.1,0.0,0.69,3.62,0.86,0.0,3.28,43.4,42.4,0.86,0.52,0.0,0.52,0.17,0.0,0.0,0.0,0.0,0.34,33.8,0.17,0.34,1.55,1.38,0.0,0.0,0.0,0.17,0.0,0.0,0.0,0.0,0.0,0.0,0.0,0.0,1.38,0.86,0.0,1.21,0.17,0.34,1.9,18.2,1.55,2.07,1.21,0.86,1.38,2.76,3.97,0.0,55.9,5.17,15.9,32.9,7.24,1.03,55.9,21.4,79.3,29.7,0.17,0.52,0.0,0.86,0.69,27.9,0.86,0.34,0.0,0.0,3.1,0.86,0.34,0.17,0.86,0.0,0.0,0.0,6.55,3.28,3.45,48.7,2022-11-09,3000000.0
1192,Vitaly Janelt,GER,MFDF,Brentford,Premier League,24.0,1998,22,15,1419,15.8,2.0,0.51,0.25,50.0,0.25,0.5,12.1,0.0,0.0,0.0,31.8,40.3,78.9,543.4,154.8,16.2,18.5,87.7,11.3,13.8,82.1,3.48,5.57,62.5,0.06,0.57,2.85,0.63,0.25,3.04,40.3,38.4,1.65,0.7,0.19,0.63,0.82,0.06,0.06,0.0,0.0,0.89,31.8,0.25,0.63,2.09,1.71,0.06,0.13,0.13,0.0,0.06,0.19,0.19,0.0,0.0,0.0,0.0,0.0,2.72,1.33,1.14,1.08,0.51,1.08,2.15,50.0,1.08,1.14,0.44,0.7,1.08,3.8,1.33,0.0,50.4,2.91,14.4,26.7,9.62,1.58,50.4,25.8,111.2,51.1,0.7,0.89,0.06,0.7,0.7,28.9,1.08,0.06,0.0,0.0,0.89,0.95,0.0,0.82,1.33,0.0,0.0,0.0,7.03,1.33,1.01,56.8,2022-11-03,16000000.0
1272,Grigoris Kastanos,CYP,MFDF,Salernitana,Serie A,25.0,1998,12,2,306,3.4,0.0,2.65,0.88,33.3,0.0,0.0,23.5,0.0,0.0,0.0,29.1,41.2,70.7,461.8,132.9,14.7,16.5,89.3,11.2,16.2,69.1,1.76,3.53,50.0,0.0,1.47,3.53,0.59,0.0,4.12,41.2,38.8,1.47,1.18,0.0,1.18,1.47,0.29,0.0,0.0,0.0,0.0,29.1,0.88,1.76,2.65,2.35,0.29,0.0,0.0,0.0,0.0,0.0,0.0,0.0,0.0,0.0,0.0,0.0,3.53,2.06,0.59,2.35,0.59,0.59,2.35,25.0,1.76,1.47,0.59,0.88,0.59,4.12,0.29,0.0,54.1,0.59,7.06,27.4,19.7,2.06,54.1,33.2,228.8,105.9,2.94,2.06,0.59,1.76,0.88,38.8,6.47,0.59,0.0,0.0,2.65,2.94,0.0,1.47,2.06,0.0,0.0,0.0,3.53,1.76,0.59,75.0,2022-11-11,1300000.0
1384,Toni Lato,ESP,MFDF,Valencia,La Liga,25.0,1997,14,5,545,6.1,1.0,1.15,0.16,14.3,0.14,1.0,19.5,0.16,0.0,0.0,39.5,47.5,83.1,632.6,189.8,19.5,20.8,93.7,16.4,19.2,85.5,2.46,5.08,48.4,0.0,1.8,3.61,1.48,0.33,3.77,47.5,42.8,4.59,0.98,0.0,0.33,3.11,1.31,0.33,0.66,0.0,2.3,39.5,0.16,0.82,3.93,2.79,0.66,0.16,0.0,0.16,0.16,0.49,0.16,0.0,0.16,0.0,0.16,0.0,1.8,0.66,0.49,1.31,0.0,0.33,0.66,50.0,0.33,1.15,0.0,1.15,0.49,2.3,1.48,0.0,56.7,1.97,13.6,23.1,20.3,2.13,56.7,31.6,157.5,84.3,1.64,1.64,0.16,0.98,0.0,38.5,5.25,0.0,0.0,0.0,0.49,0.82,0.33,3.11,0.66,0.0,0.0,0.0,4.43,0.33,1.64,16.7,2022-11-07,2500000.0
1415,Mario Lemina,GAB,MFDF,Nice,Ligue 1,29.0,1993,14,11,838,9.3,0.0,0.65,0.32,50.0,0.0,0.0,20.1,0.0,0.0,0.0,61.2,68.5,89.3,1026.2,290.4,27.2,28.8,94.4,27.1,28.5,95.1,4.52,8.06,56.0,0.0,0.43,4.73,0.32,0.0,4.95,68.5,67.6,0.54,0.54,0.11,0.65,0.22,0.0,0.0,0.0,0.0,0.0,61.2,0.32,0.43,1.29,1.18,0.0,0.0,0.0,0.0,0.11,0.11,0.11,0.0,0.0,0.0,0.0,0.0,3.44,2.26,1.18,1.51,0.75,1.29,1.94,66.7,0.65,1.4,0.54,0.86,1.18,4.62,2.15,0.0,77.8,4.19,21.9,48.5,7.85,0.65,77.8,62.3,320.8,137.4,1.51,1.51,0.0,0.43,0.11,59.0,1.08,0.11,0.11,0.0,1.4,0.54,0.0,0.22,2.26,0.0,0.0,0.0,6.67,0.54,0.43,55.6,2023-03-16,10000000.0
1423,Jefferson Lerma,COL,MFDF,Bournemouth,Premier League,28.0,1994,22,22,1973,21.9,2.0,0.73,0.14,18.8,0.13,0.67,16.2,0.0,0.0,0.0,35.3,43.2,81.7,553.3,197.1,17.1,19.6,87.0,14.8,16.7,88.8,1.96,4.25,46.2,0.0,0.41,3.11,0.59,0.05,3.24,43.2,41.6,1.6,1.19,0.14,0.09,0.18,0.0,0.0,0.0,0.0,0.32,35.3,0.0,0.59,1.28,1.1,0.09,0.0,0.09,0.0,0.0,0.0,0.0,0.0,0.0,0.0,0.0,0.0,1.46,0.78,0.73,0.55,0.18,0.68,0.96,71.4,0.27,0.78,0.41,0.37,1.1,2.56,3.15,0.05,52.6,5.62,18.3,26.5,8.68,1.23,52.6,24.8,100.5,49.0,0.59,0.87,0.05,0.73,0.5,31.1,0.78,0.14,0.0,0.0,0.91,1.14,0.09,0.18,0.78,0.0,0.09,0.05,6.94,1.92,1.14,62.7,2022-11-03,15000000.0
1446,Marcos Llorente,ESP,MFDF,Atlético Madrid,La Liga,28.0,1995,13,12,1016,11.3,1.0,1.06,0.18,16.7,0.08,0.5,16.9,0.0,0.0,0.0,33.3,42.0,79.2,497.2,137.1,17.9,19.8,90.2,11.3,14.4,78.5,2.04,3.54,57.5,0.0,1.42,2.3,1.59,0.27,4.51,42.0,38.1,3.72,0.0,0.09,0.27,2.65,0.0,0.0,0.0,0.0,3.72,33.3,0.18,1.42,3.19,2.83,0.09,0.0,0.09,0.09,0.09,0.09,0.09,0.0,0.0,0.0,0.0,0.0,1.86,0.97,1.15,0.44,0.27,1.24,1.77,70.0,0.53,1.24,0.0,1.24,1.06,2.92,0.97,0.0,52.0,1.86,11.8,20.4,20.5,2.92,52.0,29.3,174.2,99.2,3.27,2.39,0.88,1.42,0.62,33.5,7.79,0.09,0.0,0.0,1.42,0.8,0.09,2.65,0.97,0.0,0.0,0.0,4.96,0.71,1.06,40.0,2022-11-07,35000000.0
1454,Ruben Loftus-Cheek,ENG,MFDF,Chelsea,Premier League,27.0,1996,15,13,1032,11.5,0.0,0.78,0.17,22.2,0.0,0.0,18.6,0.0,0.0,0.0,45.5,53.4,85.2,686.6,176.0,26.3,29.7,88.9,16.2,17.9,90.3,2.17,2.7,80.6,0.0,0.61,4.96,0.87,0.0,5.83,53.4,50.8,2.26,0.78,0.09,0.43,0.96,0.0,0.0,0.0,0.0,1.48,45.5,0.35,1.22,1.91,1.48,0.0,0.26,0.09,0.09,0.0,0.17,0.17,0.0,0.0,0.0,0.0,0.0,1.57,0.78,0.61,0.78,0.17,0.61,1.39,43.8,0.78,0.78,0.17,0.61,0.7,2.26,1.48,0.0,63.4,2.35,11.7,34.8,17.8,2.78,63.4,36.0,209.3,116.0,3.04,1.65,0.61,1.65,1.22,46.3,4.09,0.09,0.0,0.0,0.52,2.35,0.09,0.96,0.78,0.0,0.0,0.09,6.0,1.65,1.74,48.7,2022-11-03,25000000.0
1503,Yohann Magnin,FRA,MFDF,Clermont Foot,Ligue 1,25.0,1997,23,18,1661,18.5,0.0,0.54,0.0,0.0,0.0,0.0,18.6,0.0,0.0,0.0,41.0,49.0,83.7,670.5,202.9,19.1,21.5,89.2,16.3,19.0,85.8,3.41,5.19,65.6,0.0,0.76,3.46,0.49,0.11,4.65,49.0,47.5,1.35,0.7,0.11,0.27,0.7,0.0,0.0,0.0,0.0,0.65,41.0,0.11,1.08,2.05,1.62,0.0,0.05,0.05,0.11,0.22,0.16,0.16,0.0,0.0,0.0,0.0,0.0,3.24,1.95,1.24,1.62,0.38,1.89,3.41,55.6,1.51,1.89,0.54,1.35,1.03,4.27,2.11,0.0,60.9,2.59,15.9,36.5,8.92,1.03,60.9,41.6,191.8,73.3,0.49,0.97,0.11,0.81,0.43,38.6,2.49,0.27,0.0,0.0,1.46,1.57,0.16,0.7,1.95,0.0,0.16,0.0,5.41,0.92,1.35,40.5,2022-11-02,2000000.0
1510,Ainsley Maitland-Niles,ENG,MFDF,Southampton,Premier League,25.0,1997,11,6,634,7.0,0.0,0.0,0.0,0.0,0.0,0.0,0.0,0.0,0.0,0.0,34.6,42.4,81.5,571.3,192.0,16.9,19.4,86.8,13.4,15.6,86.2,3.43,5.43,63.2,0.0,0.86,4.0,0.86,0.43,3.86,42.4,39.6,2.86,0.29,0.14,0.29,0.86,0.0,0.0,0.0,0.0,2.57,34.6,0.0,0.57,1.71,1.71,0.0,0.0,0.0,0.0,0.0,0.0,0.0,0.0,0.0,0.0,0.0,0.0,2.71,1.57,1.0,1.57,0.14,1.57,2.0,78.6,0.43,1.71,0.14,1.57,1.29,4.0,2.43,0.0,54.1,4.0,17.6,28.3,9.0,0.57,54.1,22.0,112.3,46.9,0.57,0.57,0.14,0.86,0.71,30.4,1.29,0.43,0.0,0.0,0.57,0.57,0.0,0.86,1.57,0.0,0.0,0.0,5.71,1.0,0.86,53.8,2022-11-03,8000000.0
1586,Han-Noah Massengo,FRA,MFDF,Auxerre,Ligue 1,21.0,2001,2,1,107,1.2,0.0,0.83,0.0,0.0,0.0,0.0,17.1,0.0,0.0,0.0,26.7,34.2,78.0,402.5,103.3,15.8,20.0,79.2,8.33,9.17,90.9,2.5,2.5,100.0,0.0,0.83,1.67,2.5,0.0,4.17,34.2,33.3,0.0,0.0,0.0,0.0,0.0,0.0,0.0,0.0,0.0,0.0,26.7,0.83,1.67,5.0,4.17,0.0,0.83,0.0,0.0,0.0,0.0,0.0,0.0,0.0,0.0,0.0,0.0,1.67,1.67,0.83,0.83,0.0,0.0,0.83,0.0,0.83,0.83,0.0,0.83,0.83,2.5,0.0,0.0,44.2,0.0,5.0,25.8,15.0,2.5,44.2,31.7,168.3,81.7,2.5,2.5,0.83,0.0,0.83,27.5,5.83,0.0,0.0,0.0,1.67,0.83,0.83,0.0,1.67,0.0,0.0,0.0,4.17,0.0,3.33,0.0,2023-03-27,4000000.0
1619,Weston McKennie,USA,MFDF,Juventus,Serie A,24.0,1998,15,13,1052,11.7,1.0,0.68,0.34,50.0,0.13,0.25,10.1,0.0,0.0,0.0,28.7,35.7,80.4,460.3,129.6,15.0,17.7,84.5,10.7,12.6,85.0,2.39,3.25,73.7,0.09,0.68,1.97,0.51,0.34,3.33,35.7,33.2,2.31,0.26,0.09,0.17,1.28,0.0,0.0,0.0,0.0,2.05,28.7,0.17,0.6,1.45,1.28,0.0,0.0,0.17,0.0,0.0,0.09,0.09,0.0,0.0,0.0,0.0,0.0,1.2,0.43,0.26,0.77,0.17,0.43,0.68,62.5,0.26,1.28,0.34,0.94,0.94,2.14,1.28,0.09,45.0,2.14,9.83,21.4,14.0,1.88,45.0,19.7,100.1,57.9,1.62,0.94,0.17,1.71,1.03,29.8,4.62,0.0,0.0,0.0,1.11,0.6,0.26,1.28,0.43,0.0,0.0,0.0,3.68,1.03,1.37,42.9,2022-11-11,21000000.0
1622,Gary Medel,CHI,MFDF,Bologna,Serie A,35.0,1987,17,16,1267,14.1,0.0,0.14,0.0,0.0,0.0,0.0,26.5,0.0,0.0,0.0,56.7,64.0,88.6,1046.5,361.1,22.2,24.0,92.6,26.5,28.2,94.2,6.45,9.57,67.4,0.07,0.28,3.83,0.28,0.0,3.26,64.0,60.9,3.19,2.98,0.07,0.5,0.28,0.0,0.0,0.0,0.0,0.14,56.7,0.0,0.5,1.35,1.13,0.0,0.0,0.0,0.07,0.14,0.14,0.14,0.0,0.0,0.0,0.0,0.0,1.49,0.99,0.85,0.5,0.14,0.57,0.99,57.1,0.43,0.85,0.57,0.28,1.63,3.12,2.27,0.0,71.4,7.94,30.9,37.2,3.76,0.0,71.4,37.2,137.4,60.2,0.07,0.21,0.0,0.43,0.28,45.5,0.35,0.35,0.0,0.0,1.06,1.13,0.0,0.28,0.99,0.0,0.0,0.0,8.58,0.92,0.92,50.0,2022-11-11,1000000.0
1639,Batista Mendy,FRA,MFDF,Angers,Ligue 1,23.0,2000,20,20,1622,18.0,0.0,0.33,0.0,0.0,0.0,0.0,18.5,0.0,0.0,0.0,38.4,44.9,85.6,681.8,233.4,15.6,17.6,88.3,18.3,20.2,90.9,3.28,5.0,65.6,0.0,0.39,4.94,0.56,0.11,6.39,44.9,44.2,0.61,0.56,0.11,0.39,0.28,0.0,0.0,0.0,0.0,0.06,38.4,0.06,0.39,1.17,1.06,0.0,0.06,0.06,0.0,0.0,0.0,0.0,0.0,0.0,0.0,0.0,0.0,2.22,0.94,1.0,0.94,0.28,1.28,1.72,74.2,0.44,1.17,0.22,0.94,0.78,3.0,1.0,0.0,53.8,2.56,14.1,32.0,8.39,0.56,53.8,41.7,225.9,102.3,0.61,1.28,0.11,0.78,0.89,37.3,1.39,0.44,0.06,0.06,2.28,1.28,0.0,0.28,0.94,0.0,0.06,0.0,6.22,1.06,0.56,65.5,2022-11-02,3000000.0
1714,Marlos Moreno,COL,MFDF,Troyes,Ligue 1,26.0,1996,2,0,13,0.1,0.0,0.0,0.0,0.0,0.0,0.0,0.0,0.0,0.0,0.0,30.0,40.0,75.0,400.0,100.0,20.0,20.0,100.0,10.0,10.0,100.0,0.0,10.0,0.0,0.0,0.0,0.0,0.0,0.0,10.0,40.0,40.0,0.0,0.0,0.0,0.0,0.0,0.0,0.0,0.0,0.0,0.0,30.0,0.0,0.0,0.0,0.0,0.0,0.0,0.0,0.0,0.0,0.0,0.0,0.0,0.0,0.0,0.0,0.0,20.0,20.0,20.0,0.0,0.0,20.0,30.0,66.7,10.0,10.0,10.0,0.0,0.0,20.0,0.0,0.0,80.0,0.0,40.0,30.0,10.0,0.0,80.0,50.0,300.0,0.0,0.0,0.0,0.0,0.0,20.0,50.0,0.0,0.0,0.0,0.0,10.0,10.0,0.0,0.0,20.0,0.0,0.0,0.0,10.0,10.0,10.0,50.0,2023-03-14,800000.0
1715,Tete Morente,ESP,MFDF,Elche,La Liga,26.0,1996,15,9,802,8.9,0.0,1.35,0.34,25.0,0.0,0.0,17.3,0.0,0.0,0.0,25.1,33.4,75.1,371.0,98.2,15.5,17.8,87.3,6.29,8.65,72.7,2.13,3.71,57.6,0.0,0.45,2.13,0.45,0.22,2.7,33.4,29.6,3.82,0.79,0.0,0.0,3.37,0.56,0.22,0.11,0.0,2.47,25.1,0.0,1.69,1.91,1.24,0.34,0.11,0.11,0.11,0.0,0.0,0.0,0.0,0.0,0.0,0.0,0.0,1.24,0.67,0.56,0.56,0.11,0.45,1.01,44.4,0.56,1.24,0.11,1.12,0.56,1.8,1.12,0.0,45.3,2.02,7.53,17.3,20.9,1.8,45.3,26.1,147.1,61.9,2.13,1.57,0.67,2.02,0.67,30.2,6.4,0.34,0.0,0.0,1.91,1.35,0.56,3.37,0.67,0.0,0.0,0.0,3.6,0.9,0.56,61.5,2022-11-07,2500000.0
1727,Lucas Moura,BRA,MFDF,Tottenham,Premier League,30.0,1992,8,0,98,1.1,0.0,0.91,0.0,0.0,0.0,0.0,11.9,0.0,0.0,0.0,34.5,49.1,70.4,448.2,125.5,23.6,29.1,81.3,10.0,14.5,68.8,0.0,0.91,0.0,0.0,0.91,1.82,3.64,0.91,6.36,49.1,45.5,3.64,0.0,0.0,0.0,5.45,0.91,0.0,0.0,0.0,2.73,34.5,0.0,2.73,4.55,2.73,0.0,0.0,0.0,0.91,0.91,0.0,0.0,0.0,0.0,0.0,0.0,0.0,6.36,4.55,0.91,1.82,3.64,0.91,1.82,50.0,0.91,0.0,0.0,0.0,1.82,8.18,0.91,0.0,68.2,0.0,9.09,24.5,34.5,4.55,68.2,36.4,224.5,80.0,2.73,2.73,0.91,3.64,2.73,45.5,9.09,0.0,0.0,0.0,0.91,2.73,0.0,5.45,4.55,0.0,0.0,0.0,5.45,1.82,0.91,66.7,2023-03-16,9000000.0
1768,Youssouf Ndayishimiye,BDI,MFDF,Nice,Ligue 1,24.0,1998,4,2,200,2.2,0.0,0.45,0.0,0.0,0.0,0.0,27.3,0.0,0.0,0.0,35.9,41.8,85.9,690.9,180.9,11.4,12.7,89.3,20.9,23.2,90.2,3.18,5.0,63.6,0.0,0.0,1.82,0.0,0.0,1.36,41.8,40.0,1.82,1.82,0.0,0.0,0.0,0.0,0.0,0.0,0.0,0.0,35.9,0.0,0.45,0.45,0.0,0.0,0.0,0.45,0.0,0.0,0.0,0.0,0.0,0.0,0.0,0.0,0.0,2.27,1.36,1.36,0.91,0.0,0.45,0.45,100.0,0.0,1.36,1.36,0.0,1.82,4.09,3.64,0.0,52.7,5.91,25.9,26.4,1.36,0.0,52.7,35.9,193.6,89.1,0.45,0.0,0.0,1.82,0.45,32.3,0.45,0.45,0.0,0.0,0.91,1.36,0.0,0.0,1.36,0.0,0.0,0.0,5.45,1.36,0.91,60.0,2023-03-27,12000000.0
1770,Wilfred Ndidi,NGA,MFDF,Leicester City,Premier League,26.0,1996,15,10,898,10.0,0.0,0.5,0.2,40.0,0.0,0.0,23.6,0.0,0.0,0.0,50.7,58.3,87.0,778.3,198.0,26.5,28.2,94.0,20.0,22.4,89.3,2.5,4.7,53.2,0.0,0.1,4.0,0.0,0.0,3.8,58.3,56.5,1.8,1.2,0.0,0.4,0.1,0.0,0.0,0.0,0.0,0.3,50.7,0.0,0.8,0.7,0.7,0.0,0.0,0.0,0.0,0.0,0.1,0.1,0.0,0.0,0.0,0.0,0.0,2.9,2.1,1.5,1.3,0.1,0.9,2.4,37.5,1.5,1.7,0.7,1.0,1.7,4.6,2.1,0.1,69.6,4.7,23.1,41.5,6.0,0.4,69.6,37.1,155.7,74.0,0.9,1.2,0.0,1.0,0.6,45.4,0.2,0.3,0.0,0.0,1.7,0.7,0.0,0.1,2.1,0.0,0.1,0.0,8.2,0.9,1.4,39.1,2023-03-16,32000000.0
2014,Arnau Puigmal,ESP,MFDF,Almería,La Liga,22.0,2001,11,1,277,3.1,0.0,1.94,0.32,16.7,0.0,0.0,21.8,0.0,0.0,0.0,30.0,41.6,72.1,446.1,160.3,18.7,21.9,85.3,9.35,13.5,69.0,1.94,4.52,42.9,0.0,0.97,1.61,0.97,0.0,2.58,41.6,33.5,7.74,0.97,0.32,0.0,2.58,1.61,0.0,0.65,0.0,5.16,30.0,0.32,0.65,3.23,2.26,0.32,0.0,0.0,0.65,0.0,0.0,0.0,0.0,0.0,0.0,0.0,0.0,1.29,0.32,0.32,0.32,0.65,0.65,0.97,66.7,0.32,0.97,0.0,0.97,0.97,2.26,0.32,0.0,52.6,0.32,10.6,22.9,19.7,3.23,52.6,29.0,187.7,95.8,3.23,1.61,1.61,1.61,1.29,31.3,7.1,0.97,0.0,0.0,0.65,2.26,0.32,2.58,0.32,0.0,0.32,0.0,4.19,0.32,0.97,25.0,2022-11-07,2000000.0
2016,Ignacio Pussetto,ARG,MFDF,Sampdoria,Serie A,27.0,1995,5,1,152,1.7,0.0,1.18,1.18,100.0,0.0,0.0,14.2,0.0,0.0,0.0,20.0,32.9,60.7,237.6,53.5,14.7,18.8,78.1,4.12,7.06,58.3,0.0,2.35,0.0,0.0,1.18,1.18,0.0,0.0,0.59,32.9,32.4,0.59,0.59,0.0,0.59,2.94,0.0,0.0,0.0,0.0,0.0,20.0,0.0,2.35,1.18,1.18,0.0,0.0,0.0,0.0,0.0,0.0,0.0,0.0,0.0,0.0,0.0,0.0,3.53,1.76,1.18,1.76,0.59,1.76,2.35,75.0,0.59,2.35,0.0,2.35,0.0,3.53,1.76,0.0,47.6,1.18,6.47,13.5,27.6,2.94,47.6,20.0,88.2,20.0,1.18,0.59,0.0,4.12,0.59,30.0,10.0,0.59,0.0,0.0,4.12,0.59,0.0,2.94,1.76,0.0,0.0,0.0,2.35,2.35,2.94,44.4,2022-11-11,2500000.0
2044,Nicolai Rapp,GER,MFDF,Werder Bremen,Bundesliga,26.0,1996,7,0,71,0.8,0.0,1.25,0.0,0.0,0.0,0.0,12.3,0.0,0.0,0.0,58.8,73.8,79.7,1131.3,347.5,25.0,30.0,83.3,21.3,26.3,81.0,10.0,13.8,72.7,0.0,0.0,3.75,1.25,0.0,6.25,73.8,70.0,3.75,2.5,0.0,1.25,1.25,0.0,0.0,0.0,0.0,1.25,58.8,0.0,2.5,0.0,0.0,0.0,0.0,0.0,0.0,0.0,0.0,0.0,0.0,0.0,0.0,0.0,0.0,3.75,1.25,3.75,0.0,0.0,0.0,3.75,0.0,3.75,0.0,0.0,0.0,0.0,3.75,1.25,0.0,85.0,2.5,30.0,45.0,10.0,3.75,85.0,41.3,167.5,57.5,1.25,0.0,1.25,0.0,0.0,48.8,0.0,0.0,0.0,0.0,2.5,0.0,0.0,1.25,1.25,0.0,0.0,0.0,7.5,1.25,2.5,33.3,2022-11-09,800000.0
2051,Rayan Raveloson,MAD,MFDF,Auxerre,Ligue 1,26.0,1997,18,11,1011,11.2,0.0,1.25,0.09,7.1,0.0,0.0,18.1,0.09,0.0,0.0,31.8,38.3,83.0,568.8,195.3,12.8,14.6,87.7,13.6,16.0,84.9,3.48,4.91,70.9,0.0,0.45,2.86,0.54,0.36,3.93,38.3,34.7,3.48,0.45,0.0,0.8,1.34,0.0,0.0,0.0,0.0,3.04,31.8,0.09,0.71,1.61,1.52,0.0,0.0,0.09,0.0,0.0,0.0,0.0,0.0,0.0,0.0,0.0,0.0,1.52,0.8,0.89,0.54,0.09,0.89,1.16,76.9,0.27,1.07,0.09,0.98,1.88,3.39,1.88,0.0,50.0,3.48,13.4,25.2,11.7,1.88,50.0,32.9,190.0,83.9,1.34,1.52,0.36,1.96,0.8,28.6,2.59,0.0,0.0,0.0,1.25,1.43,0.09,1.34,0.8,0.0,0.0,0.0,5.8,0.89,0.8,52.6,2022-11-02,1500000.0
2123,Pablo Rosario,NED,MFDF,Nice,Ligue 1,26.0,1997,17,9,984,10.9,0.0,0.46,0.0,0.0,0.0,0.0,19.4,0.0,0.0,0.0,42.8,47.8,89.4,742.5,246.2,18.3,19.8,92.6,18.2,20.1,90.4,4.68,5.6,83.6,0.0,0.92,3.49,0.92,0.09,5.23,47.8,46.8,0.92,0.64,0.0,0.0,0.18,0.0,0.0,0.0,0.0,0.28,42.8,0.09,0.18,1.83,1.74,0.0,0.0,0.0,0.09,0.0,0.09,0.09,0.0,0.0,0.0,0.0,0.0,1.93,1.01,0.92,0.73,0.28,0.73,1.28,57.1,0.55,0.83,0.28,0.55,1.28,3.21,1.74,0.0,56.5,3.67,17.3,30.5,8.99,0.55,56.5,43.2,207.0,94.7,1.19,0.92,0.0,0.83,0.64,40.6,1.38,0.46,0.0,0.0,1.38,0.64,0.0,0.18,1.01,0.0,0.0,0.0,4.68,0.83,0.64,56.3,2022-11-02,7000000.0
2125,Joe Rothwell,ENG,MFDF,Bournemouth,Premier League,28.0,1995,7,1,157,1.7,0.0,0.59,0.59,100.0,0.0,0.0,29.6,0.59,0.0,0.0,35.3,41.2,85.7,595.3,171.2,16.5,18.2,90.3,14.7,15.9,92.6,2.94,5.29,55.6,0.0,1.76,2.94,2.35,0.0,4.71,41.2,37.6,3.53,0.0,0.59,0.0,2.35,2.35,0.0,1.76,0.59,0.59,35.3,0.0,0.0,2.94,2.35,0.59,0.0,0.0,0.0,0.0,0.0,0.0,0.0,0.0,0.0,0.0,0.0,1.76,0.59,0.0,1.76,0.0,0.0,0.59,0.0,0.59,1.18,0.0,1.18,1.18,2.94,0.59,0.0,50.6,2.94,12.4,26.5,12.4,0.59,50.6,22.4,151.8,67.6,0.0,0.59,0.0,0.0,0.0,26.5,0.59,0.0,0.0,0.0,1.18,0.59,0.0,2.35,0.59,0.0,0.0,0.0,2.94,0.0,1.18,0.0,2022-11-03,3500000.0
2421,Florian Thauvin,FRA,MFDF,Udinese,Serie A,30.0,1993,1,0,19,0.2,0.0,0.0,0.0,0.0,0.0,0.0,0.0,0.0,0.0,0.0,10.0,55.0,18.2,245.0,175.0,0.0,5.0,0.0,10.0,25.0,40.0,0.0,15.0,0.0,0.0,0.0,5.0,5.0,0.0,10.0,55.0,40.0,15.0,5.0,0.0,0.0,25.0,10.0,5.0,5.0,0.0,0.0,10.0,0.0,5.0,5.0,0.0,0.0,0.0,0.0,5.0,0.0,0.0,0.0,0.0,0.0,0.0,0.0,0.0,0.0,0.0,0.0,0.0,0.0,0.0,0.0,0.0,0.0,0.0,0.0,0.0,0.0,0.0,5.0,0.0,65.0,5.0,5.0,20.0,45.0,10.0,65.0,40.0,285.0,205.0,5.0,5.0,0.0,5.0,0.0,40.0,25.0,0.0,0.0,0.0,0.0,5.0,0.0,25.0,0.0,0.0,0.0,0.0,5.0,0.0,0.0,0.0,2023-03-21,7500000.0
